dataset,term,method,inference_seconds,MSE,MAE,RMSE,MAPE,sMAPE,MASE,ND,CRPS
Australia_Solar/H,long,vanilla,0.2036733441054821,29006793062.374767,84644.99217871042,131066.97591850343,237.38068742631378,0.6057816975656974,1.2377371273555307,0.2750675202950183,0.2750675202950183
Australia_Solar/H,long,covariate_prediction,0.2036733441054821,29006793062.374767,84644.99217871042,131066.97591850343,237.38068742631378,0.6057816975656974,1.2377371273555307,0.2750675202950183,0.2750675202950183
Australia_Solar/H,long,bayes_covariate_prediction,0.2036733441054821,29006793062.374767,84644.99217871042,131066.97591850343,237.38068742631378,0.6057816975656974,1.2377371273555307,0.2750675202950183,0.2750675202950183
Australia_Solar/H,long,full_ridge_shared,0.2036733441054821,29006793062.374767,84644.99217871042,131066.97591850343,237.38068742631378,0.6057816975656974,1.2377371273555307,0.2750675202950183,0.2750675202950183
Australia_Solar/H,medium,vanilla,0.4672617204487324,28984573121.66203,86466.61060284343,125407.87757592743,221.11277630010127,0.60624675662699,1.2043388373284993,0.2892751542075462,0.2892751542075462
Australia_Solar/H,medium,covariate_prediction,0.4672617204487324,28984573121.66203,86466.61060284343,125407.87757592743,221.11277630010127,0.60624675662699,1.2043388373284993,0.2892751542075462,0.2892751542075462
Australia_Solar/H,medium,bayes_covariate_prediction,0.4672617204487324,28984573121.66203,86466.61060284343,125407.87757592743,221.11277630010127,0.60624675662699,1.2043388373284993,0.2892751542075462,0.2892751542075462
Australia_Solar/H,medium,full_ridge_shared,0.4672617204487324,28984573121.66203,86466.61060284343,125407.87757592743,221.11277630010127,0.60624675662699,1.2043388373284993,0.2892751542075462,0.2892751542075462
Australia_Solar/H,short,vanilla,1.4142981003969908,25681174568.948933,80595.99067875669,105275.90970453121,201.88884847262617,0.586410645580353,1.093029641357897,0.3179264104544651,0.3179264104544651
Australia_Solar/H,short,covariate_prediction,1.4142981003969908,25681174568.948933,80595.99067875669,105275.90970453121,201.88884847262617,0.586410645580353,1.093029641357897,0.3179264104544651,0.3179264104544651
Australia_Solar/H,short,bayes_covariate_prediction,1.4142981003969908,25681174568.948933,80595.99067875669,105275.90970453121,201.88884847262617,0.586410645580353,1.093029641357897,0.3179264104544651,0.3179264104544651
Australia_Solar/H,short,full_ridge_shared,1.4142981003969908,25681174568.948933,80595.99067875669,105275.90970453121,201.88884847262617,0.586410645580353,1.093029641357897,0.3179264104544651,0.3179264104544651
Auto_Production_SF/M,short,vanilla,0.06410609371960163,9.272226822076481,2.3962774912516274,2.946290309442225,0.024828383344163797,0.02454779208880714,0.6043605452526348,0.024046073576934612,0.024046073576934612
Auto_Production_SF/M,short,covariate_prediction,0.06410609371960163,9.272226822076481,2.3962774912516274,2.946290309442225,0.024828383344163797,0.02454779208880714,0.6043605452526348,0.024046073576934612,0.024046073576934612
Auto_Production_SF/M,short,bayes_covariate_prediction,0.06410609371960163,9.272226822076481,2.3962774912516274,2.946290309442225,0.024828383344163797,0.02454779208880714,0.6043605452526348,0.024046073576934612,0.024046073576934612
Auto_Production_SF/M,short,full_ridge_shared,0.06410609371960163,9.272226822076481,2.3962774912516274,2.946290309442225,0.024828383344163797,0.02454779208880714,0.6043605452526348,0.024046073576934612,0.024046073576934612
CPHL/15T,long,vanilla,0.04599496349692345,0.1268142311361365,0.23033303058067314,0.30966390312410425,0.36756569197425054,0.3148897380482458,1.1569175338572653,0.31478368590267736,0.31478368590267736
CPHL/15T,long,covariate_prediction,0.04599496349692345,0.1268142311361365,0.23033303058067314,0.30966390312410425,0.36756569197425054,0.3148897380482458,1.1569175338572653,0.31478368590267736,0.31478368590267736
CPHL/15T,long,bayes_covariate_prediction,0.04599496349692345,0.1268142311361365,0.23033303058067314,0.30966390312410425,0.36756569197425054,0.3148897380482458,1.1569175338572653,0.31478368590267736,0.31478368590267736
CPHL/15T,long,full_ridge_shared,0.04599496349692345,0.1268142311361365,0.23033303058067314,0.30966390312410425,0.36756569197425054,0.3148897380482458,1.1569175338572653,0.31478368590267736,0.31478368590267736
CPHL/15T,medium,vanilla,0.12920663505792618,0.12381329163764764,0.2186489219016978,0.2766424426432396,0.3433816903417899,0.29421017632247354,1.0652255105006003,0.2928304434763275,0.2928304434763275
CPHL/15T,medium,covariate_prediction,0.12920663505792618,0.12381329163764764,0.2186489219016978,0.2766424426432396,0.3433816903417899,0.29421017632247354,1.0652255105006003,0.2928304434763275,0.2928304434763275
CPHL/15T,medium,bayes_covariate_prediction,0.12920663505792618,0.12381329163764764,0.2186489219016978,0.2766424426432396,0.3433816903417899,0.29421017632247354,1.0652255105006003,0.2928304434763275,0.2928304434763275
CPHL/15T,medium,full_ridge_shared,0.12920663505792618,0.12381329163764764,0.2186489219016978,0.2766424426432396,0.3433816903417899,0.29421017632247354,1.0652255105006003,0.2928304434763275,0.2928304434763275
CPHL/15T,short,vanilla,1.0852025235071778,0.06383973294117579,0.13782810076901858,0.16124178392020352,0.19451171216265012,0.1776042996838945,0.6512084133422211,0.18592466725851495,0.18592466725851495
CPHL/15T,short,covariate_prediction,1.0852025235071778,0.06383973294117579,0.13782810076901858,0.16124178392020352,0.19451171216265012,0.1776042996838945,0.6512084133422211,0.18592466725851495,0.18592466725851495
CPHL/15T,short,bayes_covariate_prediction,1.0852025235071778,0.06383973294117579,0.13782810076901858,0.16124178392020352,0.19451171216265012,0.1776042996838945,0.6512084133422211,0.18592466725851495,0.18592466725851495
CPHL/15T,short,full_ridge_shared,1.0852025235071778,0.06383973294117579,0.13782810076901858,0.16124178392020352,0.19451171216265012,0.1776042996838945,0.6512084133422211,0.18592466725851495,0.18592466725851495
CPHL/30T,long,vanilla,0.08649236895143986,0.8956668857110113,0.5741906138662687,0.7054810125821362,0.5005524981095701,0.40628397499708935,1.7964635237217261,0.36924656499499575,0.36924656499499575
CPHL/30T,long,covariate_prediction,0.08649236895143986,0.8956668857110113,0.5741906138662687,0.7054810125821362,0.5005524981095701,0.40628397499708935,1.7964635237217261,0.36924656499499575,0.36924656499499575
CPHL/30T,long,bayes_covariate_prediction,0.08649236895143986,0.8956668857110113,0.5741906138662687,0.7054810125821362,0.5005524981095701,0.40628397499708935,1.7964635237217261,0.36924656499499575,0.36924656499499575
CPHL/30T,long,full_ridge_shared,0.08649236895143986,0.8956668857110113,0.5741906138662687,0.7054810125821362,0.5005524981095701,0.40628397499708935,1.7964635237217261,0.36924656499499575,0.36924656499499575
CPHL/30T,medium,vanilla,0.26189904008060694,0.7479045384272057,0.5134040725779416,0.6303312479676214,0.43115999265678284,0.3324126013999063,1.5182478226687985,0.32293591255642445,0.32293591255642445
CPHL/30T,medium,covariate_prediction,0.26189904008060694,0.7479045384272057,0.5134040725779416,0.6303312479676214,0.43115999265678284,0.3324126013999063,1.5182478226687985,0.32293591255642445,0.32293591255642445
CPHL/30T,medium,bayes_covariate_prediction,0.26189904008060694,0.7479045384272057,0.5134040725779416,0.6303312479676214,0.43115999265678284,0.3324126013999063,1.5182478226687985,0.32293591255642445,0.32293591255642445
CPHL/30T,medium,full_ridge_shared,0.26189904008060694,0.7479045384272057,0.5134040725779416,0.6303312479676214,0.43115999265678284,0.3324126013999063,1.5182478226687985,0.32293591255642445,0.32293591255642445
CPHL/30T,short,vanilla,1.0819364180788398,0.641689908728874,0.4646460917216238,0.5627357899662422,0.3676987273037361,0.2924005487810213,1.3695101434084038,0.2852333242955998,0.2852333242955998
CPHL/30T,short,covariate_prediction,1.0819364180788398,0.641689908728874,0.4646460917216238,0.5627357899662422,0.3676987273037361,0.2924005487810213,1.3695101434084038,0.2852333242955998,0.2852333242955998
CPHL/30T,short,bayes_covariate_prediction,1.0819364180788398,0.641689908728874,0.4646460917216238,0.5627357899662422,0.3676987273037361,0.2924005487810213,1.3695101434084038,0.2852333242955998,0.2852333242955998
CPHL/30T,short,full_ridge_shared,1.0819364180788398,0.641689908728874,0.4646460917216238,0.5627357899662422,0.3676987273037361,0.2924005487810213,1.3695101434084038,0.2852333242955998,0.2852333242955998
CPHL/H,long,vanilla,0.10367101896554232,0.5238753671970158,0.46637763089673234,0.5840168701624235,0.5131048679015625,0.4727029953109553,2.139118293587509,0.4463565860553285,0.4463565860553285
CPHL/H,long,covariate_prediction,0.10367101896554232,0.5238753671970158,0.46637763089673234,0.5840168701624235,0.5131048679015625,0.4727029953109553,2.139118293587509,0.4463565860553285,0.4463565860553285
CPHL/H,long,bayes_covariate_prediction,0.10367101896554232,0.5238753671970158,0.46637763089673234,0.5840168701624235,0.5131048679015625,0.4727029953109553,2.139118293587509,0.4463565860553285,0.4463565860553285
CPHL/H,long,full_ridge_shared,0.10367101896554232,0.5238753671970158,0.46637763089673234,0.5840168701624235,0.5131048679015625,0.4727029953109553,2.139118293587509,0.4463565860553285,0.4463565860553285
CPHL/H,medium,vanilla,0.1869883742183447,0.47903075966177794,0.4369972794182171,0.5399704494369248,0.46303297025987034,0.4131259762367928,1.8356687519554202,0.39470882761655923,0.39470882761655923
CPHL/H,medium,covariate_prediction,0.1869883742183447,0.47903075966177794,0.4369972794182171,0.5399704494369248,0.46303297025987034,0.4131259762367928,1.8356687519554202,0.39470882761655923,0.39470882761655923
CPHL/H,medium,bayes_covariate_prediction,0.1869883742183447,0.47903075966177794,0.4369972794182171,0.5399704494369248,0.46303297025987034,0.4131259762367928,1.8356687519554202,0.39470882761655923,0.39470882761655923
CPHL/H,medium,full_ridge_shared,0.1869883742183447,0.47903075966177794,0.4369972794182171,0.5399704494369248,0.46303297025987034,0.4131259762367928,1.8356687519554202,0.39470882761655923,0.39470882761655923
CPHL/H,short,vanilla,1.5514869140461087,0.3634176779817256,0.33903065999466,0.4101567684461488,0.333054094323602,0.2883500292506055,1.2422315658671745,0.2835850089458662,0.2835850089458662
CPHL/H,short,covariate_prediction,1.5514869140461087,0.3634176779817256,0.33903065999466,0.4101567684461488,0.333054094323602,0.2883500292506055,1.2422315658671745,0.2835850089458662,0.2835850089458662
CPHL/H,short,bayes_covariate_prediction,1.5514869140461087,0.3634176779817256,0.33903065999466,0.4101567684461488,0.333054094323602,0.2883500292506055,1.2422315658671745,0.2835850089458662,0.2835850089458662
CPHL/H,short,full_ridge_shared,1.5514869140461087,0.3634176779817256,0.33903065999466,0.4101567684461488,0.333054094323602,0.2883500292506055,1.2422315658671745,0.2835850089458662,0.2835850089458662
Coastal_T_S/15T,long,vanilla,0.3515026643872261,108.96287568429898,4.737478591954268,4.8885875044464795,0.13901065910247734,0.12264874172131907,1.3934309894823107,0.11623821347016972,0.11623821347016972
Coastal_T_S/15T,long,covariate_prediction,10.644530336372554,110.79168279508517,4.715881248138569,4.921718955439418,0.1394929126267217,0.12167251035719846,1.397582038359858,0.11560643921902773,0.11560643921902773
Coastal_T_S/15T,long,bayes_covariate_prediction,10.644558736123145,108.84199674128438,4.724652200584058,4.877529463953794,0.1389607621058312,0.1221366171655889,1.3812489791763958,0.11580126723256534,0.11580126723256534
Coastal_T_S/15T,long,full_ridge_shared,12.92588133085519,108.93883412700067,4.737031232515971,4.886206997505729,0.1390090145246259,0.1225892587845204,1.3852269366090066,0.11618121584878376,0.11618121584878376
Coastal_T_S/15T,medium,vanilla,1.025956455618143,110.3513027815047,4.709172642716655,4.881360009896579,0.13703611913826397,0.12122103140512915,1.252951399148607,0.11499582796459694,0.11499582796459694
Coastal_T_S/15T,medium,covariate_prediction,25.763833520002663,111.86663891651777,4.710903193111773,4.919785817001834,0.1403036143367934,0.1210218575232006,1.275868874550904,0.11514394894200125,0.11514394894200125
Coastal_T_S/15T,medium,bayes_covariate_prediction,25.763864560052752,110.21773003128393,4.708368234678551,4.876941429293098,0.1382394445395155,0.12113499697744784,1.2565957599514739,0.11499639387268193,0.11499639387268193
Coastal_T_S/15T,medium,full_ridge_shared,29.539243148639798,110.35204388059947,4.709307309918933,4.881090951572352,0.13703649775529136,0.12122427743159336,1.2536938496056846,0.11499848481618383,0.11499848481618383
Coastal_T_S/15T,short,vanilla,8.216380526311696,111.07518809767019,4.656986275425664,4.85146460839196,0.13437469434151197,0.11940646351598386,1.1295658974752307,0.11493460645350743,0.11493460645350743
Coastal_T_S/15T,short,covariate_prediction,8.216380526311696,111.07518809767019,4.656986275425664,4.85146460839196,0.13437469434151197,0.11940646351598386,1.1295658974752307,0.11493460645350743,0.11493460645350743
Coastal_T_S/15T,short,bayes_covariate_prediction,8.216380526311696,111.07518809767019,4.656986275425664,4.85146460839196,0.13437469434151197,0.11940646351598386,1.1295658974752307,0.11493460645350743,0.11493460645350743
Coastal_T_S/15T,short,full_ridge_shared,8.216380526311696,111.07518809767019,4.656986275425664,4.85146460839196,0.13437469434151197,0.11940646351598386,1.1295658974752307,0.11493460645350743,0.11493460645350743
Coastal_T_S/20T,long,vanilla,0.09297521691769361,0.08221854715645718,0.19885568442168056,0.24285779830857543,0.008057139264462873,0.008017360267465728,1.6549053676366192,0.008036388190222182,0.008036388190222182
Coastal_T_S/20T,long,covariate_prediction,0.09297521691769361,0.08221854715645718,0.19885568442168056,0.24285779830857543,0.008057139264462873,0.008017360267465728,1.6549053676366192,0.008036388190222182,0.008036388190222182
Coastal_T_S/20T,long,bayes_covariate_prediction,0.09297521691769361,0.08221854715645718,0.19885568442168056,0.24285779830857543,0.008057139264462873,0.008017360267465728,1.6549053676366192,0.008036388190222182,0.008036388190222182
Coastal_T_S/20T,long,full_ridge_shared,0.09297521691769361,0.08221854715645718,0.19885568442168056,0.24285779830857543,0.008057139264462873,0.008017360267465728,1.6549053676366192,0.008036388190222182,0.008036388190222182
Coastal_T_S/20T,medium,vanilla,0.26948364078998566,0.030543685250192798,0.12904217861316822,0.15612730315371245,0.005320439880512482,0.005314129693670657,1.0186016295509648,0.005308073086757545,0.005308073086757545
Coastal_T_S/20T,medium,covariate_prediction,0.26948364078998566,0.030543685250192798,0.12904217861316822,0.15612730315371245,0.005320439880512482,0.005314129693670657,1.0186016295509648,0.005308073086757545,0.005308073086757545
Coastal_T_S/20T,medium,bayes_covariate_prediction,0.26948364078998566,0.030543685250192798,0.12904217861316822,0.15612730315371245,0.005320439880512482,0.005314129693670657,1.0186016295509648,0.005308073086757545,0.005308073086757545
Coastal_T_S/20T,medium,full_ridge_shared,0.26948364078998566,0.030543685250192798,0.12904217861316822,0.15612730315371245,0.005320439880512482,0.005314129693670657,1.0186016295509648,0.005308073086757545,0.005308073086757545
Coastal_T_S/20T,short,vanilla,2.1544041028246284,0.0064321118755883006,0.055767703350679376,0.06377681092786863,0.0022613458809691367,0.002261818953673134,0.4509885143334379,0.002261313585460879,0.002261313585460879
Coastal_T_S/20T,short,covariate_prediction,2.1544041028246284,0.0064321118755883006,0.055767703350679376,0.06377681092786863,0.0022613458809691367,0.002261818953673134,0.4509885143334379,0.002261313585460879,0.002261313585460879
Coastal_T_S/20T,short,bayes_covariate_prediction,2.1544041028246284,0.0064321118755883006,0.055767703350679376,0.06377681092786863,0.0022613458809691367,0.002261818953673134,0.4509885143334379,0.002261313585460879,0.002261313585460879
Coastal_T_S/20T,short,full_ridge_shared,2.1544041028246284,0.0064321118755883006,0.055767703350679376,0.06377681092786863,0.0022613458809691367,0.002261818953673134,0.4509885143334379,0.002261313585460879,0.002261313585460879
Coastal_T_S/5T,long,vanilla,1.336563072167337,139.01949491811786,3.0575495119620526,3.4466377546684464,0.09625519787429908,0.07212822630913227,1.2500432573209515,0.06881161862292344,0.06881161862292344
Coastal_T_S/5T,long,covariate_prediction,339.63032739888877,133.09124766384022,3.076437066306216,3.4265480117481952,0.09083878260954999,0.07603718335876106,1.279881649658839,0.07121040430883618,0.07121040430883618
Coastal_T_S/5T,long,bayes_covariate_prediction,339.6305034412071,133.92396640133674,3.0620129044200914,3.4105552709448794,0.09278278189783062,0.07418582566878885,1.2503174125729288,0.06990196849874461,0.06990196849874461
Coastal_T_S/5T,long,full_ridge_shared,340.96472914982587,139.06028904547932,3.0644673828830222,3.453156229470281,0.09650312975924025,0.07231695995035958,1.3463640811584776,0.06900926131923923,0.06900926131923923
Coastal_T_S/5T,medium,vanilla,3.8191984025761485,128.49931729763188,2.9648784215421515,3.2445017467094495,0.09203564292614419,0.07001926591600167,1.0223458945772905,0.06606820802716572,0.06606820802716572
Coastal_T_S/5T,medium,covariate_prediction,790.5677753351629,125.47195765047994,2.9753919241732736,3.2389659542888616,0.08758355413354955,0.07152429908911934,1.0405234835732449,0.06681194614146384,0.06681194614146384
Coastal_T_S/5T,medium,bayes_covariate_prediction,790.5679581286386,126.03668321268128,2.9655868528627978,3.226157579058779,0.08955157670777154,0.07076115164346326,1.0236433730909045,0.06623087049156245,0.06623087049156245
Coastal_T_S/5T,medium,full_ridge_shared,794.4177746186033,128.49695108080272,2.9648878263295546,3.2445163879738383,0.09203615077021106,0.07001964603115587,1.022129558521952,0.06606861713551647,0.06606861713551647
Coastal_T_S/5T,short,vanilla,29.546960392035544,120.90686121160007,2.844663141160534,3.016799585713193,0.0863901207652781,0.06653484284327829,0.78910713006081,0.061741954444535875,0.061741954444535875
Coastal_T_S/5T,short,covariate_prediction,1104.5166846038774,119.41737138410781,2.844371155547732,3.0053628574348643,0.08449089454921253,0.06673491150422611,0.7888440489264078,0.0616623830143632,0.0616623830143632
Coastal_T_S/5T,short,bayes_covariate_prediction,1104.5171151515096,119.77426727573004,2.843033179256615,3.004999848999742,0.085371671447124,0.06659722491018506,0.7867121588180526,0.06164464615105777,0.06164464615105777
Coastal_T_S/5T,short,full_ridge_shared,1110.083986658603,120.90700970270026,2.844664073091981,3.016807356966126,0.08638931796527148,0.06653483571278403,0.7890521133658314,0.061741932076481855,0.061741932076481855
Coastal_T_S/H,long,vanilla,0.7008360829204321,23.383979350247568,1.4581599270878114,1.8619835735473613,0.04693526757462177,0.04113420654941958,2.3176755828746387,0.04157413580120169,0.04157413580120169
Coastal_T_S/H,long,covariate_prediction,0.7008360829204321,23.383979350247568,1.4581599270878114,1.8619835735473613,0.04693526757462177,0.04113420654941958,2.3176755828746387,0.04157413580120169,0.04157413580120169
Coastal_T_S/H,long,bayes_covariate_prediction,0.7008360829204321,23.383979350247568,1.4581599270878114,1.8619835735473613,0.04693526757462177,0.04113420654941958,2.3176755828746387,0.04157413580120169,0.04157413580120169
Coastal_T_S/H,long,full_ridge_shared,0.7008360829204321,23.383979350247568,1.4581599270878114,1.8619835735473613,0.04693526757462177,0.04113420654941958,2.3176755828746387,0.04157413580120169,0.04157413580120169
Coastal_T_S/H,medium,vanilla,1.3628885233774781,21.7698116119976,1.3561895227825969,1.691424176146847,0.04152611477577608,0.036289889048672995,1.621761041052587,0.03915363223675824,0.03915363223675824
Coastal_T_S/H,medium,covariate_prediction,1.3628885233774781,21.7698116119976,1.3561895227825969,1.691424176146847,0.04152611477577608,0.036289889048672995,1.621761041052587,0.03915363223675824,0.03915363223675824
Coastal_T_S/H,medium,bayes_covariate_prediction,1.3628885233774781,21.7698116119976,1.3561895227825969,1.691424176146847,0.04152611477577608,0.036289889048672995,1.621761041052587,0.03915363223675824,0.03915363223675824
Coastal_T_S/H,medium,full_ridge_shared,1.3628885233774781,21.7698116119976,1.3561895227825969,1.691424176146847,0.04152611477577608,0.036289889048672995,1.621761041052587,0.03915363223675824,0.03915363223675824
Coastal_T_S/H,short,vanilla,9.696413544006646,14.592356239482005,1.0799416032337668,1.3385821561435216,0.02935622437047867,0.02748451161994815,0.9169076911374845,0.027164401398922875,0.027164401398922875
Coastal_T_S/H,short,covariate_prediction,9.696413544006646,14.592356239482005,1.0799416032337668,1.3385821561435216,0.02935622437047867,0.02748451161994815,0.9169076911374845,0.027164401398922875,0.027164401398922875
Coastal_T_S/H,short,bayes_covariate_prediction,9.696413544006646,14.592356239482005,1.0799416032337668,1.3385821561435216,0.02935622437047867,0.02748451161994815,0.9169076911374845,0.027164401398922875,0.027164401398922875
Coastal_T_S/H,short,full_ridge_shared,9.696413544006646,14.592356239482005,1.0799416032337668,1.3385821561435216,0.02935622437047867,0.02748451161994815,0.9169076911374845,0.027164401398922875,0.027164401398922875
Commodity_Import/M,short,vanilla,0.41394280083477497,1553826.9339495872,502.59704690774277,607.3307599287584,0.374500118785188,0.23649934538373324,1.4590156952269822,0.2954049002128275,0.2954049002128275
Commodity_Import/M,short,covariate_prediction,0.41394280083477497,1553826.9339495872,502.59704690774277,607.3307599287584,0.374500118785188,0.23649934538373324,1.4590156952269822,0.2954049002128275,0.2954049002128275
Commodity_Import/M,short,bayes_covariate_prediction,0.41394280083477497,1553826.9339495872,502.59704690774277,607.3307599287584,0.374500118785188,0.23649934538373324,1.4590156952269822,0.2954049002128275,0.2954049002128275
Commodity_Import/M,short,full_ridge_shared,0.41394280083477497,1553826.9339495872,502.59704690774277,607.3307599287584,0.374500118785188,0.23649934538373324,1.4590156952269822,0.2954049002128275,0.2954049002128275
Commodity_Production/M,short,vanilla,1.6302812825888395,58078.37486751032,65.79794792228593,76.80300620554415,0.20594103964569138,0.16379191956675082,0.9052349729560767,0.15718943832143556,0.15718943832143556
Commodity_Production/M,short,covariate_prediction,1.6302812825888395,58078.37486751032,65.79794792228593,76.80300620554415,0.20594103964569138,0.16379191956675082,0.9052349729560767,0.15718943832143556,0.15718943832143556
Commodity_Production/M,short,bayes_covariate_prediction,1.6302812825888395,58078.37486751032,65.79794792228593,76.80300620554415,0.20594103964569138,0.16379191956675082,0.9052349729560767,0.15718943832143556,0.15718943832143556
Commodity_Production/M,short,full_ridge_shared,1.6302812825888395,58078.37486751032,65.79794792228593,76.80300620554415,0.20594103964569138,0.16379191956675082,0.9052349729560767,0.15718943832143556,0.15718943832143556
Crypto/D,short,vanilla,0.12619594298303127,13407382.124447713,1476.153512099937,1767.7680310060641,0.09323376572345651,0.09353011120937967,6.414715690906018,0.0945085325361152,0.0945085325361152
Crypto/D,short,covariate_prediction,0.12619594298303127,13407382.124447713,1476.153512099937,1767.7680310060641,0.09323376572345651,0.09353011120937967,6.414715690906018,0.0945085325361152,0.0945085325361152
Crypto/D,short,bayes_covariate_prediction,0.12619594298303127,13407382.124447713,1476.153512099937,1767.7680310060641,0.09323376572345651,0.09353011120937967,6.414715690906018,0.0945085325361152,0.0945085325361152
Crypto/D,short,full_ridge_shared,0.12619594298303127,13407382.124447713,1476.153512099937,1767.7680310060641,0.09323376572345651,0.09353011120937967,6.414715690906018,0.0945085325361152,0.0945085325361152
ECDC_COVID/D,short,vanilla,0.5772164668887854,50053.30063052206,122.22063530109547,143.29373338545125,0.5302898552765807,0.3390622629829843,3.2510712169962535,0.4029229656744438,0.4029229656744438
ECDC_COVID/D,short,covariate_prediction,0.5772164668887854,50053.30063052206,122.22063530109547,143.29373338545125,0.5302898552765807,0.3390622629829843,3.2510712169962535,0.4029229656744438,0.4029229656744438
ECDC_COVID/D,short,bayes_covariate_prediction,0.5772164668887854,50053.30063052206,122.22063530109547,143.29373338545125,0.5302898552765807,0.3390622629829843,3.2510712169962535,0.4029229656744438,0.4029229656744438
ECDC_COVID/D,short,full_ridge_shared,0.5772164668887854,50053.30063052206,122.22063530109547,143.29373338545125,0.5302898552765807,0.3390622629829843,3.2510712169962535,0.4029229656744438,0.4029229656744438
ECDC_COVID/W,short,vanilla,0.9259937526658177,2437815.854514617,573.4415339589433,668.2329133809108,1.093090557670717,0.541850297822124,1.4613554223830325,0.6585358884543626,0.6585358884543626
ECDC_COVID/W,short,covariate_prediction,0.9259937526658177,2437815.854514617,573.4415339589433,668.2329133809108,1.093090557670717,0.541850297822124,1.4613554223830325,0.6585358884543626,0.6585358884543626
ECDC_COVID/W,short,bayes_covariate_prediction,0.9259937526658177,2437815.854514617,573.4415339589433,668.2329133809108,1.093090557670717,0.541850297822124,1.4613554223830325,0.6585358884543626,0.6585358884543626
ECDC_COVID/W,short,full_ridge_shared,0.9259937526658177,2437815.854514617,573.4415339589433,668.2329133809108,1.093090557670717,0.541850297822124,1.4613554223830325,0.6585358884543626,0.6585358884543626
EWELD_Load/15T,long,vanilla,0.08881433214992285,1323.3334294279196,15.111050563662625,21.0552916048615,0.3823781963367166,0.3302443019402501,0.7570063801041875,0.22796577855276387,0.22796577855276387
EWELD_Load/15T,long,covariate_prediction,0.8397601488977671,1335.3954608625197,15.6617126149835,21.797324008262475,0.4404267237990882,0.35527142126968436,0.8054973741519825,0.2639479097541433,0.2639479097541433
EWELD_Load/15T,long,bayes_covariate_prediction,0.8397794291377068,1290.1929131035786,15.1387633644104,21.036936005892024,0.40000879098849484,0.3359297052031206,0.7652106986331485,0.23759927540742298,0.23759927540742298
EWELD_Load/15T,long,full_ridge_shared,0.8973577013239264,1294.9692600314572,15.163959671696125,21.041572236790667,0.39856297142739255,0.33174317132327913,0.7692250106679871,0.2352966047620903,0.2352966047620903
EWELD_Load/15T,medium,vanilla,0.6313169533386827,1200.0988204809437,13.960417258052068,19.004161864235947,0.36899148769466017,0.30300369085936174,0.6378522480790986,0.21443874502549345,0.21443874502549345
EWELD_Load/15T,medium,covariate_prediction,3.8333114301785827,1260.4309366820273,14.318258042613579,19.396661206190622,0.3625624311973988,0.3086632294765998,0.6573373076543871,0.22277020290543628,0.22277020290543628
EWELD_Load/15T,medium,bayes_covariate_prediction,3.833335369825363,1211.7022105549818,14.030908035125496,19.04923172228452,0.36246405820202604,0.3014533029147455,0.6382044538362516,0.21490486013573118,0.21490486013573118
EWELD_Load/15T,medium,full_ridge_shared,4.0759735675528646,1212.8768570620646,14.039224490080874,19.11872633604121,0.37438348110500863,0.30380484994969875,0.6412808553163777,0.21653436486114302,0.21653436486114302
EWELD_Load/15T,short,vanilla,2.5516447043046355,1113.620725529434,12.498335043148005,16.005388549436812,0.323774710479291,0.276482151715881,0.5334183484643793,0.3333459938360841,0.3333459938360841
EWELD_Load/15T,short,covariate_prediction,2.5516447043046355,1113.620725529434,12.498335043148005,16.005388549436812,0.323774710479291,0.276482151715881,0.5334183484643793,0.3333459938360841,0.3333459938360841
EWELD_Load/15T,short,bayes_covariate_prediction,2.5516447043046355,1113.620725529434,12.498335043148005,16.005388549436812,0.323774710479291,0.276482151715881,0.5334183484643793,0.3333459938360841,0.3333459938360841
EWELD_Load/15T,short,full_ridge_shared,2.5516447043046355,1113.620725529434,12.498335043148005,16.005388549436812,0.323774710479291,0.276482151715881,0.5334183484643793,0.3333459938360841,0.3333459938360841
Finland_Traffic/15T,long,vanilla,0.025484228506684303,1830.3234995740288,24.423499212378545,38.66784972988518,0.3722354115602905,0.23293730070743984,0.592638224850232,0.18906701311483226,0.18906701311483226
Finland_Traffic/15T,long,covariate_prediction,0.6153218932449818,1832.211955809672,24.558450914564588,38.669967038344396,0.3546893752127438,0.22675922004466623,0.5959661962844425,0.1901747270006865,0.1901747270006865
Finland_Traffic/15T,long,bayes_covariate_prediction,0.6153359934687614,1798.4011210273784,24.06119155777352,38.08115092009075,0.3563755707968359,0.22526935183150787,0.5839265253308018,0.1864499759480252,0.1864499759480252
Finland_Traffic/15T,long,full_ridge_shared,0.6157319080084562,1931.0518248120416,25.31226500336613,39.71144668445057,0.3924260021663998,0.2381332112389132,0.6142223302439473,0.1959777363120241,0.1959777363120241
Finland_Traffic/15T,medium,vanilla,0.1326201455667615,1455.013466950967,22.036227874858408,30.93163185080367,0.3024467653454347,0.2170720208253297,0.535810728486409,0.1781646694407519,0.1781646694407519
Finland_Traffic/15T,medium,covariate_prediction,1.8490302776917815,1349.9919472871377,22.40813012533291,31.467752457412292,0.2846975828026346,0.21613015016852616,0.544871457190699,0.1817351967817334,0.1817351967817334
Finland_Traffic/15T,medium,bayes_covariate_prediction,1.8490454675629735,1302.144643812699,21.460802952448525,30.196863496174487,0.2895098726740557,0.21176125603683538,0.5217990827270548,0.1739497834255538,0.1739497834255538
Finland_Traffic/15T,medium,full_ridge_shared,1.9923266218975186,1370.679231439557,22.045456512640882,30.956403090812397,0.30505558628487484,0.2159013739830726,0.5360520242958893,0.17917307633553164,0.17917307633553164
Finland_Traffic/15T,short,vanilla,0.8259082026779652,835.9956307824929,16.535216108445198,20.303570317372735,0.26124266701758,0.18482545639751638,0.40220359009861334,0.23141617164141734,0.23141617164141734
Finland_Traffic/15T,short,covariate_prediction,0.8259082026779652,835.9956307824929,16.535216108445198,20.303570317372735,0.26124266701758,0.18482545639751638,0.40220359009861334,0.23141617164141734,0.23141617164141734
Finland_Traffic/15T,short,bayes_covariate_prediction,0.8259082026779652,835.9956307824929,16.535216108445198,20.303570317372735,0.26124266701758,0.18482545639751638,0.40220359009861334,0.23141617164141734,0.23141617164141734
Finland_Traffic/15T,short,full_ridge_shared,0.8259082026779652,835.9956307824929,16.535216108445198,20.303570317372735,0.26124266701758,0.18482545639751638,0.40220359009861334,0.23141617164141734,0.23141617164141734
Global_Influenza/W,short,vanilla,0.33637575153261423,2518066.9034669804,440.60130950240455,557.9440607849058,0.621917347795487,0.461039982766648,2.7027384509894463,0.46117520938317813,0.46117520938317813
Global_Influenza/W,short,covariate_prediction,0.33637575153261423,2518066.9034669804,440.60130950240455,557.9440607849058,0.621917347795487,0.461039982766648,2.7027384509894463,0.46117520938317813,0.46117520938317813
Global_Influenza/W,short,bayes_covariate_prediction,0.33637575153261423,2518066.9034669804,440.60130950240455,557.9440607849058,0.621917347795487,0.461039982766648,2.7027384509894463,0.46117520938317813,0.46117520938317813
Global_Influenza/W,short,full_ridge_shared,0.33637575153261423,2518066.9034669804,440.60130950240455,557.9440607849058,0.621917347795487,0.461039982766648,2.7027384509894463,0.46117520938317813,0.46117520938317813
Global_Price/Q,short,vanilla,0.07702507730573416,1781288.0286894313,313.4901497846842,353.6569966211264,0.1798198102669422,0.19245751829713834,1.5800590567350166,0.18101462485633207,0.18101462485633207
Global_Price/Q,short,covariate_prediction,0.07702507730573416,1781288.0286894313,313.4901497846842,353.6569966211264,0.1798198102669422,0.19245751829713834,1.5800590567350166,0.18101462485633207,0.18101462485633207
Global_Price/Q,short,bayes_covariate_prediction,0.07702507730573416,1781288.0286894313,313.4901497846842,353.6569966211264,0.1798198102669422,0.19245751829713834,1.5800590567350166,0.18101462485633207,0.18101462485633207
Global_Price/Q,short,full_ridge_shared,0.07702507730573416,1781288.0286894313,313.4901497846842,353.6569966211264,0.1798198102669422,0.19245751829713834,1.5800590567350166,0.18101462485633207,0.18101462485633207
Housing_Inventory/M,short,vanilla,0.04185633547604084,4419966111.869068,31923.698225789598,35589.26560893385,0.06811449957323956,0.06903562488722646,0.5629531156001711,0.06868401128898277,0.06868401128898277
Housing_Inventory/M,short,covariate_prediction,0.04185633547604084,4419966111.869068,31923.698225789598,35589.26560893385,0.06811449957323956,0.06903562488722646,0.5629531156001711,0.06868401128898277,0.06868401128898277
Housing_Inventory/M,short,bayes_covariate_prediction,0.04185633547604084,4419966111.869068,31923.698225789598,35589.26560893385,0.06811449957323956,0.06903562488722646,0.5629531156001711,0.06868401128898277,0.06868401128898277
Housing_Inventory/M,short,full_ridge_shared,0.04185633547604084,4419966111.869068,31923.698225789598,35589.26560893385,0.06811449957323956,0.06903562488722646,0.5629531156001711,0.06868401128898277,0.06868401128898277
JOLTS/M,short,vanilla,0.06943034566938877,434621.7960345939,326.8780938042535,391.41426996725716,0.0783358316366875,0.07875980395626586,1.034014704780639,0.07841091806794505,0.07841091806794505
JOLTS/M,short,covariate_prediction,0.06943034566938877,434621.7960345939,326.8780938042535,391.41426996725716,0.0783358316366875,0.07875980395626586,1.034014704780639,0.07841091806794505,0.07841091806794505
JOLTS/M,short,bayes_covariate_prediction,0.06943034566938877,434621.7960345939,326.8780938042535,391.41426996725716,0.0783358316366875,0.07875980395626586,1.034014704780639,0.07841091806794505,0.07841091806794505
JOLTS/M,short,full_ridge_shared,0.06943034566938877,434621.7960345939,326.8780938042535,391.41426996725716,0.0783358316366875,0.07875980395626586,1.034014704780639,0.07841091806794505,0.07841091806794505
Job_Claims/W,short,vanilla,0.05629301816225052,773731298.4360703,18364.71649639423,21751.896358700356,0.024863747492457965,0.02518671177953908,3.1948713176767605,0.025047320783500884,0.025047320783500884
Job_Claims/W,short,covariate_prediction,0.05629301816225052,773731298.4360703,18364.71649639423,21751.896358700356,0.024863747492457965,0.02518671177953908,3.1948713176767605,0.025047320783500884,0.025047320783500884
Job_Claims/W,short,bayes_covariate_prediction,0.05629301816225052,773731298.4360703,18364.71649639423,21751.896358700356,0.024863747492457965,0.02518671177953908,3.1948713176767605,0.025047320783500884,0.025047320783500884
Job_Claims/W,short,full_ridge_shared,0.05629301816225052,773731298.4360703,18364.71649639423,21751.896358700356,0.024863747492457965,0.02518671177953908,3.1948713176767605,0.025047320783500884,0.025047320783500884
MetroPT-3/5T,long,vanilla,0.08458961080759764,3.413565852555847,1.157730067156307,1.5336265522768149,3.0808544122415515,0.5202096564321884,0.6642965187537482,0.3314301181618797,0.3314301181618797
MetroPT-3/5T,long,covariate_prediction,0.08458961080759764,3.413565852555847,1.157730067156307,1.5336265522768149,3.0808544122415515,0.5202096564321884,0.6642965187537482,0.3314301181618797,0.3314301181618797
MetroPT-3/5T,long,bayes_covariate_prediction,0.08458961080759764,3.413565852555847,1.157730067156307,1.5336265522768149,3.0808544122415515,0.5202096564321884,0.6642965187537482,0.3314301181618797,0.3314301181618797
MetroPT-3/5T,long,full_ridge_shared,0.08458961080759764,3.413565852555847,1.157730067156307,1.5336265522768149,3.0808544122415515,0.5202096564321884,0.6642965187537482,0.3314301181618797,0.3314301181618797
MetroPT-3/5T,medium,vanilla,0.16881448682397604,3.3363269889166953,1.1449867837087784,1.5181666637876803,3.055784174096344,0.5167357391785463,0.6476133077171582,0.3285878616607379,0.3285878616607379
MetroPT-3/5T,medium,covariate_prediction,0.16881448682397604,3.3363269889166953,1.1449867837087784,1.5181666637876803,3.055784174096344,0.5167357391785463,0.6476133077171582,0.3285878616607379,0.3285878616607379
MetroPT-3/5T,medium,bayes_covariate_prediction,0.16881448682397604,3.3363269889166953,1.1449867837087784,1.5181666637876803,3.055784174096344,0.5167357391785463,0.6476133077171582,0.3285878616607379,0.3285878616607379
MetroPT-3/5T,medium,full_ridge_shared,0.16881448682397604,3.3363269889166953,1.1449867837087784,1.5181666637876803,3.055784174096344,0.5167357391785463,0.6476133077171582,0.3285878616607379,0.3285878616607379
MetroPT-3/5T,short,vanilla,0.9710731403902173,3.3005064808261118,1.1011302743875284,1.4650707626736887,3.299696293306656,0.49052158431233545,0.6109562823545718,0.3141830517323368,0.3141830517323368
MetroPT-3/5T,short,covariate_prediction,0.9710731403902173,3.3005064808261118,1.1011302743875284,1.4650707626736887,3.299696293306656,0.49052158431233545,0.6109562823545718,0.3141830517323368,0.3141830517323368
MetroPT-3/5T,short,bayes_covariate_prediction,0.9710731403902173,3.3005064808261118,1.1011302743875284,1.4650707626736887,3.299696293306656,0.49052158431233545,0.6109562823545718,0.3141830517323368,0.3141830517323368
MetroPT-3/5T,short,full_ridge_shared,0.9710731403902173,3.3005064808261118,1.1011302743875284,1.4650707626736887,3.299696293306656,0.49052158431233545,0.6109562823545718,0.3141830517323368,0.3141830517323368
NE_China_Wind/H,long,vanilla,0.08223794400691986,0.32159515167077135,0.436532138979341,0.5253233213420788,1.1978937363571522,0.7967295801660719,1.1842645854026905,0.6048208950474667,0.6048208950474667
NE_China_Wind/H,long,covariate_prediction,0.08223794400691986,0.32159515167077135,0.436532138979341,0.5253233213420788,1.1978937363571522,0.7967295801660719,1.1842645854026905,0.6048208950474667,0.6048208950474667
NE_China_Wind/H,long,bayes_covariate_prediction,0.08223794400691986,0.32159515167077135,0.436532138979341,0.5253233213420788,1.1978937363571522,0.7967295801660719,1.1842645854026905,0.6048208950474667,0.6048208950474667
NE_China_Wind/H,long,full_ridge_shared,0.08223794400691986,0.32159515167077135,0.436532138979341,0.5253233213420788,1.1978937363571522,0.7967295801660719,1.1842645854026905,0.6048208950474667,0.6048208950474667
NE_China_Wind/H,medium,vanilla,0.19324136339128017,0.23818093032212095,0.35842533666469134,0.41660410459853503,0.9946271927875525,0.6859697231544158,0.8980171713801631,0.5422895963779943,0.5422895963779943
NE_China_Wind/H,medium,covariate_prediction,0.19324136339128017,0.23818093032212095,0.35842533666469134,0.41660410459853503,0.9946271927875525,0.6859697231544158,0.8980171713801631,0.5422895963779943,0.5422895963779943
NE_China_Wind/H,medium,bayes_covariate_prediction,0.19324136339128017,0.23818093032212095,0.35842533666469134,0.41660410459853503,0.9946271927875525,0.6859697231544158,0.8980171713801631,0.5422895963779943,0.5422895963779943
NE_China_Wind/H,medium,full_ridge_shared,0.19324136339128017,0.23818093032212095,0.35842533666469134,0.41660410459853503,0.9946271927875525,0.6859697231544158,0.8980171713801631,0.5422895963779943,0.5422895963779943
NE_China_Wind/H,short,vanilla,0.5603899508714676,0.09862220753918391,0.2132745439408205,0.24958888630479903,0.8395209404689279,0.4869280520599561,0.5041530721201688,0.4323027746106739,0.4323027746106739
NE_China_Wind/H,short,covariate_prediction,0.5603899508714676,0.09862220753918391,0.2132745439408205,0.24958888630479903,0.8395209404689279,0.4869280520599561,0.5041530721201688,0.4323027746106739,0.4323027746106739
NE_China_Wind/H,short,bayes_covariate_prediction,0.5603899508714676,0.09862220753918391,0.2132745439408205,0.24958888630479903,0.8395209404689279,0.4869280520599561,0.5041530721201688,0.4323027746106739,0.4323027746106739
NE_China_Wind/H,short,full_ridge_shared,0.5603899508714676,0.09862220753918391,0.2132745439408205,0.24958888630479903,0.8395209404689279,0.4869280520599561,0.5041530721201688,0.4323027746106739,0.4323027746106739
Oil_Price/B,short,vanilla,1.1565829161554575,3.076797964098311,0.6698824115098646,0.7766318553296516,0.05722643642256675,0.05626318301104897,1.366502456436393,0.05678766442831534,0.05678766442831534
Oil_Price/B,short,covariate_prediction,1.1565829161554575,3.076797964098311,0.6698824115098646,0.7766318553296516,0.05722643642256675,0.05626318301104897,1.366502456436393,0.05678766442831534,0.05678766442831534
Oil_Price/B,short,bayes_covariate_prediction,1.1565829161554575,3.076797964098311,0.6698824115098646,0.7766318553296516,0.05722643642256675,0.05626318301104897,1.366502456436393,0.05678766442831534,0.05678766442831534
Oil_Price/B,short,full_ridge_shared,1.1565829161554575,3.076797964098311,0.6698824115098646,0.7766318553296516,0.05722643642256675,0.05626318301104897,1.366502456436393,0.05678766442831534,0.05678766442831534
Online_Retail_2_UCI/D,short,vanilla,0.0766175203025341,308363463.36606187,10064.97947048611,16022.475778470647,0.30026555376206715,0.5429929343976653,0.6092701622875667,0.29596456526123743,0.29596456526123743
Online_Retail_2_UCI/D,short,covariate_prediction,0.0766175203025341,308363463.36606187,10064.97947048611,16022.475778470647,0.30026555376206715,0.5429929343976653,0.6092701622875667,0.29596456526123743,0.29596456526123743
Online_Retail_2_UCI/D,short,bayes_covariate_prediction,0.0766175203025341,308363463.36606187,10064.97947048611,16022.475778470647,0.30026555376206715,0.5429929343976653,0.6092701622875667,0.29596456526123743,0.29596456526123743
Online_Retail_2_UCI/D,short,full_ridge_shared,0.0766175203025341,308363463.36606187,10064.97947048611,16022.475778470647,0.30026555376206715,0.5429929343976653,0.6092701622875667,0.29596456526123743,0.29596456526123743
OpenElectricity_NEM/5T,long,vanilla,0.6516351345926523,47413.416758918866,108.88047116414315,144.01646402049226,4.9506186561675625,0.2605270696018214,0.73471551887818,0.2333068520113239,0.2333068520113239
OpenElectricity_NEM/5T,long,covariate_prediction,14.881725211627781,42600.087600322535,108.89840157540823,142.07046196021446,6.856302019094499,0.2707442154484972,0.7392697049023955,0.2415101190664398,0.2415101190664398
OpenElectricity_NEM/5T,long,bayes_covariate_prediction,14.881776843219995,38998.76802815514,101.9592722622224,134.34715134827175,5.834370075625843,0.25986980274308,0.7091579075785296,0.23213231931194325,0.23213231931194325
OpenElectricity_NEM/5T,long,full_ridge_shared,16.007294556126,42069.74926685832,104.37980431424899,137.61039916184183,5.820111860154467,0.26192257570795974,0.7208736447679386,0.23576725655902728,0.23576725655902728
OpenElectricity_NEM/5T,medium,vanilla,1.9077924443408847,33266.19322942105,87.01240525947216,109.41582346230786,4.805303204607642,0.21195288143625227,0.5803601215033609,0.20512730701706808,0.20512730701706808
OpenElectricity_NEM/5T,medium,covariate_prediction,33.75516537204385,30319.40114669157,86.38730412010688,107.79081846174067,5.730198496051864,0.21944592916749847,0.5906502034531592,0.21432615916562547,0.21432615916562547
OpenElectricity_NEM/5T,medium,bayes_covariate_prediction,33.75522461347282,28027.247193287774,82.95546374758946,103.59123693989389,5.2481547148288215,0.21061894396709432,0.5673272797535701,0.20519283230905372,0.20519283230905372
OpenElectricity_NEM/5T,medium,full_ridge_shared,35.868390057235956,30108.206280689243,84.8566559385452,105.97778842420823,4.71970075941236,0.21858208301555665,0.5875603356650567,0.21063342133418467,0.21063342133418467
OpenElectricity_NEM/5T,short,vanilla,7.685134137049317,9329.74840032762,49.68218320886621,58.891891897271734,3.5202073983971873,0.1567273543286194,0.38696941063871376,0.1486650342492687,0.1486650342492687
OpenElectricity_NEM/5T,short,covariate_prediction,7.685134137049317,9329.74840032762,49.68218320886621,58.891891897271734,3.5202073983971873,0.1567273543286194,0.38696941063871376,0.1486650342492687,0.1486650342492687
OpenElectricity_NEM/5T,short,bayes_covariate_prediction,7.685134137049317,9329.74840032762,49.68218320886621,58.891891897271734,3.5202073983971873,0.1567273543286194,0.38696941063871376,0.1486650342492687,0.1486650342492687
OpenElectricity_NEM/5T,short,full_ridge_shared,7.685134137049317,9329.74840032762,49.68218320886621,58.891891897271734,3.5202073983971873,0.1567273543286194,0.38696941063871376,0.1486650342492687,0.1486650342492687
Port_Activity/D,short,vanilla,2.6530605414882302,949152196.0511384,15412.239763871194,21205.54883214374,2.7355985048119216,0.9460094770376756,0.6583469189239594,0.7443422893384994,0.7443422893384994
Port_Activity/D,short,covariate_prediction,2.6530605414882302,949152196.0511384,15412.239763871194,21205.54883214374,2.7355985048119216,0.9460094770376756,0.6583469189239594,0.7443422893384994,0.7443422893384994
Port_Activity/D,short,bayes_covariate_prediction,2.6530605414882302,949152196.0511384,15412.239763871194,21205.54883214374,2.7355985048119216,0.9460094770376756,0.6583469189239594,0.7443422893384994,0.7443422893384994
Port_Activity/D,short,full_ridge_shared,2.6530605414882302,949152196.0511384,15412.239763871194,21205.54883214374,2.7355985048119216,0.9460094770376756,0.6583469189239594,0.7443422893384994,0.7443422893384994
Port_Activity/W,short,vanilla,0.2577492306008935,5957653731.784104,43832.342834380775,53649.41117460023,0.6273764234760665,0.3413357635568055,0.779219753152999,0.33705066205574785,0.33705066205574785
Port_Activity/W,short,covariate_prediction,0.2577492306008935,5957653731.784104,43832.342834380775,53649.41117460023,0.6273764234760665,0.3413357635568055,0.779219753152999,0.33705066205574785,0.33705066205574785
Port_Activity/W,short,bayes_covariate_prediction,0.2577492306008935,5957653731.784104,43832.342834380775,53649.41117460023,0.6273764234760665,0.3413357635568055,0.779219753152999,0.33705066205574785,0.33705066205574785
Port_Activity/W,short,full_ridge_shared,0.2577492306008935,5957653731.784104,43832.342834380775,53649.41117460023,0.6273764234760665,0.3413357635568055,0.779219753152999,0.33705066205574785,0.33705066205574785
SG_Carpark/15T,long,vanilla,1.8961197100579739,738.5260555764559,10.876016315273354,15.645914325521172,0.06316077411610392,0.06713208806629632,0.7260138545483494,0.06260561583338838,0.06260561583338838
SG_Carpark/15T,long,covariate_prediction,1.8961197100579739,738.5260555764559,10.876016315273354,15.645914325521172,0.06316077411610392,0.06713208806629632,0.7260138545483494,0.06260561583338838,0.06260561583338838
SG_Carpark/15T,long,bayes_covariate_prediction,1.8961197100579739,738.5260555764559,10.876016315273354,15.645914325521172,0.06316077411610392,0.06713208806629632,0.7260138545483494,0.06260561583338838,0.06260561583338838
SG_Carpark/15T,long,full_ridge_shared,1.8961197100579739,738.5260555764559,10.876016315273354,15.645914325521172,0.06316077411610392,0.06713208806629632,0.7260138545483494,0.06260561583338838,0.06260561583338838
SG_Carpark/15T,medium,vanilla,11.329215767793357,435.72400861312013,7.88539779357984,10.920030178065554,0.0452602377457469,0.05471511423635017,0.5286342036223466,0.04298576373683667,0.04298576373683667
SG_Carpark/15T,medium,covariate_prediction,11.329215767793357,435.72400861312013,7.88539779357984,10.920030178065554,0.0452602377457469,0.05471511423635017,0.5286342036223466,0.04298576373683667,0.04298576373683667
SG_Carpark/15T,medium,bayes_covariate_prediction,11.329215767793357,435.72400861312013,7.88539779357984,10.920030178065554,0.0452602377457469,0.05471511423635017,0.5286342036223466,0.04298576373683667,0.04298576373683667
SG_Carpark/15T,medium,full_ridge_shared,11.329215767793357,435.72400861312013,7.88539779357984,10.920030178065554,0.0452602377457469,0.05471511423635017,0.5286342036223466,0.04298576373683667,0.04298576373683667
SG_Carpark/15T,short,vanilla,67.98205210920423,201.9511185489575,5.318737263183827,6.8016608555349505,0.03334784453140859,0.04408320520512236,0.3700561165502915,0.03286258735842762,0.03286258735842762
SG_Carpark/15T,short,covariate_prediction,67.98205210920423,201.9511185489575,5.318737263183827,6.8016608555349505,0.03334784453140859,0.04408320520512236,0.3700561165502915,0.03286258735842762,0.03286258735842762
SG_Carpark/15T,short,bayes_covariate_prediction,67.98205210920423,201.9511185489575,5.318737263183827,6.8016608555349505,0.03334784453140859,0.04408320520512236,0.3700561165502915,0.03286258735842762,0.03286258735842762
SG_Carpark/15T,short,full_ridge_shared,67.98205210920423,201.9511185489575,5.318737263183827,6.8016608555349505,0.03334784453140859,0.04408320520512236,0.3700561165502915,0.03286258735842762,0.03286258735842762
SG_PM25/H,long,vanilla,0.3085739016532898,49.156700784789344,5.062636695283673,6.620435214588385,0.5347210048342738,0.4263318933989233,0.963278646758484,0.41307213678704585,0.41307213678704585
SG_PM25/H,long,covariate_prediction,9.565327635034919,51.35368393501391,5.246010710337223,6.775850489559168,0.5652044176492685,0.44207048762468343,0.9969475179477025,0.429294096441636,0.429294096441636
SG_PM25/H,long,bayes_covariate_prediction,9.565347445197403,48.88705537787286,5.07515674720317,6.598567894815177,0.5433746354452242,0.4286983288744292,0.9652705328897964,0.41444790653175,0.41444790653175
SG_PM25/H,long,full_ridge_shared,10.493836363777518,49.29336055450035,5.123013887322429,6.628849708525998,0.556078671444273,0.43251099442474666,0.97395629509693,0.4197193967692515,0.4197193967692515
SG_PM25/H,medium,vanilla,0.6644573472440243,47.13290574105222,4.914678797236196,6.284678668365046,0.510844105027758,0.4163734884019906,0.9340346217431001,0.40220341635215856,0.40220341635215856
SG_PM25/H,medium,covariate_prediction,19.00311647169292,48.20454033505081,5.0821146491721825,6.417295035444841,0.5474163643328147,0.4299724693859277,0.9658341467673803,0.4201767724646108,0.4201767724646108
SG_PM25/H,medium,bayes_covariate_prediction,19.003139511682093,46.775157180378095,4.94034356655898,6.28262409414974,0.5233967049064561,0.4189214222083363,0.938999363646257,0.40604255970856723,0.40604255970856723
SG_PM25/H,medium,full_ridge_shared,21.990435041487217,47.102295253285554,4.973674651693415,6.313489471280297,0.5322175213051419,0.4215177271868409,0.9449780218408046,0.4104699381080026,0.4104699381080026
SG_PM25/H,short,vanilla,2.0993622643873096,40.95566923358457,4.633873873560325,5.717450727489345,0.4952980924824042,0.3954255046746644,0.8815383652902529,0.39260076948796835,0.39260076948796835
SG_PM25/H,short,covariate_prediction,2.0993622643873096,40.95566923358457,4.633873873560325,5.717450727489345,0.4952980924824042,0.3954255046746644,0.8815383652902529,0.39260076948796835,0.39260076948796835
SG_PM25/H,short,bayes_covariate_prediction,2.0993622643873096,40.95566923358457,4.633873873560325,5.717450727489345,0.4952980924824042,0.3954255046746644,0.8815383652902529,0.39260076948796835,0.39260076948796835
SG_PM25/H,short,full_ridge_shared,2.0993622643873096,40.95566923358457,4.633873873560325,5.717450727489345,0.4952980924824042,0.3954255046746644,0.8815383652902529,0.39260076948796835,0.39260076948796835
SG_Weather/D,long,vanilla,0.9852388864383101,2284.1942396883674,17.414242234102144,22.910625294036237,0.3498992919265906,0.2253484268146905,0.8987507173936542,0.21388049288897917,0.21388049288897917
SG_Weather/D,long,covariate_prediction,0.9852388864383101,2284.1942396883674,17.414242234102144,22.910625294036237,0.3498992919265906,0.2253484268146905,0.8987507173936542,0.21388049288897917,0.21388049288897917
SG_Weather/D,long,bayes_covariate_prediction,0.9852388864383101,2284.1942396883674,17.414242234102144,22.910625294036237,0.3498992919265906,0.2253484268146905,0.8987507173936542,0.21388049288897917,0.21388049288897917
SG_Weather/D,long,full_ridge_shared,0.9852388864383101,2284.1942396883674,17.414242234102144,22.910625294036237,0.3498992919265906,0.2253484268146905,0.8987507173936542,0.21388049288897917,0.21388049288897917
SG_Weather/D,medium,vanilla,1.9733986053615808,2293.016069265813,17.415464181072245,22.110256581920286,0.3481520748952876,0.22342990624853512,0.8849706268220159,0.2168055533249628,0.2168055533249628
SG_Weather/D,medium,covariate_prediction,1.9733986053615808,2293.016069265813,17.415464181072245,22.110256581920286,0.3481520748952876,0.22342990624853512,0.8849706268220159,0.2168055533249628,0.2168055533249628
SG_Weather/D,medium,bayes_covariate_prediction,1.9733986053615808,2293.016069265813,17.415464181072245,22.110256581920286,0.3481520748952876,0.22342990624853512,0.8849706268220159,0.2168055533249628,0.2168055533249628
SG_Weather/D,medium,full_ridge_shared,1.9733986053615808,2293.016069265813,17.415464181072245,22.110256581920286,0.3481520748952876,0.22342990624853512,0.8849706268220159,0.2168055533249628,0.2168055533249628
SG_Weather/D,short,vanilla,4.667113614268601,2268.25808383352,17.06594934924177,20.09791019425458,0.3430878306918809,0.2193336928038322,0.8502706449539111,0.22652191621291196,0.22652191621291196
SG_Weather/D,short,covariate_prediction,4.667113614268601,2268.25808383352,17.06594934924177,20.09791019425458,0.3430878306918809,0.2193336928038322,0.8502706449539111,0.22652191621291196,0.22652191621291196
SG_Weather/D,short,bayes_covariate_prediction,4.667113614268601,2268.25808383352,17.06594934924177,20.09791019425458,0.3430878306918809,0.2193336928038322,0.8502706449539111,0.22652191621291196,0.22652191621291196
SG_Weather/D,short,full_ridge_shared,4.667113614268601,2268.25808383352,17.06594934924177,20.09791019425458,0.3430878306918809,0.2193336928038322,0.8502706449539111,0.22652191621291196,0.22652191621291196
Smart_Manufacturing/H,long,vanilla,0.19876184687018394,78.42633843584457,5.719615523716557,7.159090045802481,0.3401990005303296,0.22527335877205923,0.711018864850903,0.21519545053428477,0.21519545053428477
Smart_Manufacturing/H,long,covariate_prediction,0.19876184687018394,78.42633843584457,5.719615523716557,7.159090045802481,0.3401990005303296,0.22527335877205923,0.711018864850903,0.21519545053428477,0.21519545053428477
Smart_Manufacturing/H,long,bayes_covariate_prediction,0.19876184687018394,78.42633843584457,5.719615523716557,7.159090045802481,0.3401990005303296,0.22527335877205923,0.711018864850903,0.21519545053428477,0.21519545053428477
Smart_Manufacturing/H,long,full_ridge_shared,0.19876184687018394,78.42633843584457,5.719615523716557,7.159090045802481,0.3401990005303296,0.22527335877205923,0.711018864850903,0.21519545053428477,0.21519545053428477
Smart_Manufacturing/H,medium,vanilla,0.37697253096848726,78.42242082994515,5.719729275807407,7.149743318916848,0.33770011080722584,0.22534742998680352,0.7114699311085539,0.2153353035221406,0.2153353035221406
Smart_Manufacturing/H,medium,covariate_prediction,0.37697253096848726,78.42242082994515,5.719729275807407,7.149743318916848,0.33770011080722584,0.22534742998680352,0.7114699311085539,0.2153353035221406,0.2153353035221406
Smart_Manufacturing/H,medium,bayes_covariate_prediction,0.37697253096848726,78.42242082994515,5.719729275807407,7.149743318916848,0.33770011080722584,0.22534742998680352,0.7114699311085539,0.2153353035221406,0.2153353035221406
Smart_Manufacturing/H,medium,full_ridge_shared,0.37697253096848726,78.42242082994515,5.719729275807407,7.149743318916848,0.33770011080722584,0.22534742998680352,0.7114699311085539,0.2153353035221406,0.2153353035221406
Smart_Manufacturing/H,short,vanilla,2.539173988625407,78.34641078655198,5.716382618018629,7.063471891327495,0.3321466352973837,0.22534417374737317,0.7117642399681166,0.2165254702739631,0.2165254702739631
Smart_Manufacturing/H,short,covariate_prediction,2.539173988625407,78.34641078655198,5.716382618018629,7.063471891327495,0.3321466352973837,0.22534417374737317,0.7117642399681166,0.2165254702739631,0.2165254702739631
Smart_Manufacturing/H,short,bayes_covariate_prediction,2.539173988625407,78.34641078655198,5.716382618018629,7.063471891327495,0.3321466352973837,0.22534417374737317,0.7117642399681166,0.2165254702739631,0.2165254702739631
Smart_Manufacturing/H,short,full_ridge_shared,2.539173988625407,78.34641078655198,5.716382618018629,7.063471891327495,0.3321466352973837,0.22534417374737317,0.7117642399681166,0.2165254702739631,0.2165254702739631
Supply_Chain_Customer/D,short,vanilla,0.46149785351008177,29400554.945812996,1553.1126780355419,2207.421262805113,0.4072217800734299,0.38249234912704727,0.5576402471504558,0.335355867157546,0.335355867157546
Supply_Chain_Customer/D,short,covariate_prediction,0.46149785351008177,29400554.945812996,1553.1126780355419,2207.421262805113,0.4072217800734299,0.38249234912704727,0.5576402471504558,0.335355867157546,0.335355867157546
Supply_Chain_Customer/D,short,bayes_covariate_prediction,0.46149785351008177,29400554.945812996,1553.1126780355419,2207.421262805113,0.4072217800734299,0.38249234912704727,0.5576402471504558,0.335355867157546,0.335355867157546
Supply_Chain_Customer/D,short,full_ridge_shared,0.46149785351008177,29400554.945812996,1553.1126780355419,2207.421262805113,0.4072217800734299,0.38249234912704727,0.5576402471504558,0.335355867157546,0.335355867157546
Supply_Chain_Location/D,short,vanilla,0.6366856265813112,19273968.644059636,1714.7489423031902,2278.6413088092936,0.48631902033180896,0.39198935159786025,0.6095078900652127,0.3585979751602728,0.3585979751602728
Supply_Chain_Location/D,short,covariate_prediction,0.6366856265813112,19273968.644059636,1714.7489423031902,2278.6413088092936,0.48631902033180896,0.39198935159786025,0.6095078900652127,0.3585979751602728,0.3585979751602728
Supply_Chain_Location/D,short,bayes_covariate_prediction,0.6366856265813112,19273968.644059636,1714.7489423031902,2278.6413088092936,0.48631902033180896,0.39198935159786025,0.6095078900652127,0.3585979751602728,0.3585979751602728
Supply_Chain_Location/D,short,full_ridge_shared,0.6366856265813112,19273968.644059636,1714.7489423031902,2278.6413088092936,0.48631902033180896,0.39198935159786025,0.6095078900652127,0.3585979751602728,0.3585979751602728
US_Labor/M,short,vanilla,0.07169047556817532,473194.0676389152,338.29474425798367,383.67310193213876,0.06213530792956431,0.0595382790072609,0.8665246354470926,0.06221503636491327,0.06221503636491327
US_Labor/M,short,covariate_prediction,0.07169047556817532,473194.0676389152,338.29474425798367,383.67310193213876,0.06213530792956431,0.0595382790072609,0.8665246354470926,0.06221503636491327,0.06221503636491327
US_Labor/M,short,bayes_covariate_prediction,0.07169047556817532,473194.0676389152,338.29474425798367,383.67310193213876,0.06213530792956431,0.0595382790072609,0.8665246354470926,0.06221503636491327,0.06221503636491327
US_Labor/M,short,full_ridge_shared,0.07169047556817532,473194.0676389152,338.29474425798367,383.67310193213876,0.06213530792956431,0.0595382790072609,0.8665246354470926,0.06221503636491327,0.06221503636491327
US_Term_Structure/B,short,vanilla,6.545524535700679,0.023067453546776404,0.10213047977591405,0.12272495689317574,0.9471594868415626,0.2691588102408878,1.498343397371125,0.2604909029587153,0.2604909029587153
US_Term_Structure/B,short,covariate_prediction,6.545524535700679,0.023067453546776404,0.10213047977591405,0.12272495689317574,0.9471594868415626,0.2691588102408878,1.498343397371125,0.2604909029587153,0.2604909029587153
US_Term_Structure/B,short,bayes_covariate_prediction,6.545524535700679,0.023067453546776404,0.10213047977591405,0.12272495689317574,0.9471594868415626,0.2691588102408878,1.498343397371125,0.2604909029587153,0.2604909029587153
US_Term_Structure/B,short,full_ridge_shared,6.545524535700679,0.023067453546776404,0.10213047977591405,0.12272495689317574,0.9471594868415626,0.2691588102408878,1.498343397371125,0.2604909029587153,0.2604909029587153
Uncertainty_1M/M,short,vanilla,0.0976138198748231,0.0012477290401002555,0.0268477996190389,0.030450285506596918,0.033258431509049335,0.032782336617931535,0.33200176298328404,0.03302068253612957,0.03302068253612957
Uncertainty_1M/M,short,covariate_prediction,0.0976138198748231,0.0012477290401002555,0.0268477996190389,0.030450285506596918,0.033258431509049335,0.032782336617931535,0.33200176298328404,0.03302068253612957,0.03302068253612957
Uncertainty_1M/M,short,bayes_covariate_prediction,0.0976138198748231,0.0012477290401002555,0.0268477996190389,0.030450285506596918,0.033258431509049335,0.032782336617931535,0.33200176298328404,0.03302068253612957,0.03302068253612957
Uncertainty_1M/M,short,full_ridge_shared,0.0976138198748231,0.0012477290401002555,0.0268477996190389,0.030450285506596918,0.033258431509049335,0.032782336617931535,0.33200176298328404,0.03302068253612957,0.03302068253612957
Vehicle_Sales/M,short,vanilla,0.07088806293904781,2666.5882325198763,13.731455821543932,15.302668453536027,0.08987582754393995,0.08854775564889103,0.8236065418222713,0.09000355019499195,0.09000355019499195
Vehicle_Sales/M,short,covariate_prediction,0.07088806293904781,2666.5882325198763,13.731455821543932,15.302668453536027,0.08987582754393995,0.08854775564889103,0.8236065418222713,0.09000355019499195,0.09000355019499195
Vehicle_Sales/M,short,bayes_covariate_prediction,0.07088806293904781,2666.5882325198763,13.731455821543932,15.302668453536027,0.08987582754393995,0.08854775564889103,0.8236065418222713,0.09000355019499195,0.09000355019499195
Vehicle_Sales/M,short,full_ridge_shared,0.07088806293904781,2666.5882325198763,13.731455821543932,15.302668453536027,0.08987582754393995,0.08854775564889103,0.8236065418222713,0.09000355019499195,0.09000355019499195
Vehicle_Supply/M,short,vanilla,0.0701600443571806,2704.58699951601,22.320222251365582,26.449555347278547,0.2518155462950676,0.21088419268031608,0.8042214388559568,0.23086327120620262,0.23086327120620262
Vehicle_Supply/M,short,covariate_prediction,0.0701600443571806,2704.58699951601,22.320222251365582,26.449555347278547,0.2518155462950676,0.21088419268031608,0.8042214388559568,0.23086327120620262,0.23086327120620262
Vehicle_Supply/M,short,bayes_covariate_prediction,0.0701600443571806,2704.58699951601,22.320222251365582,26.449555347278547,0.2518155462950676,0.21088419268031608,0.8042214388559568,0.23086327120620262,0.23086327120620262
Vehicle_Supply/M,short,full_ridge_shared,0.0701600443571806,2704.58699951601,22.320222251365582,26.449555347278547,0.2518155462950676,0.21088419268031608,0.8042214388559568,0.23086327120620262,0.23086327120620262
WUI_Global/Q,short,vanilla,0.07191882468760014,0.04861412840582375,0.1479527090365688,0.17487974428271627,0.579345018330673,0.6436988933984985,0.9822384045920475,0.6727197371556692,0.6727197371556692
WUI_Global/Q,short,covariate_prediction,0.07191882468760014,0.04861412840582375,0.1479527090365688,0.17487974428271627,0.579345018330673,0.6436988933984985,0.9822384045920475,0.6727197371556692,0.6727197371556692
WUI_Global/Q,short,bayes_covariate_prediction,0.07191882468760014,0.04861412840582375,0.1479527090365688,0.17487974428271627,0.579345018330673,0.6436988933984985,0.9822384045920475,0.6727197371556692,0.6727197371556692
WUI_Global/Q,short,full_ridge_shared,0.07191882468760014,0.04861412840582375,0.1479527090365688,0.17487974428271627,0.579345018330673,0.6436988933984985,0.9822384045920475,0.6727197371556692,0.6727197371556692
Water_Quality_Darwin/15T,long,vanilla,0.999797347933054,9.030452572002456,0.9201136857676652,1.1709260564202475,0.09621795007548421,0.09399204212095322,1.3525940276767114,0.08879184424485681,0.08879184424485681
Water_Quality_Darwin/15T,long,covariate_prediction,8.774665661156178,17.305157165186692,1.1003611954379988,1.3811582746699043,0.1014499323648096,0.09440181160491411,1.525541093800799,0.09135895194130106,0.09135895194130106
Water_Quality_Darwin/15T,long,bayes_covariate_prediction,8.77471856214106,11.967264375173501,0.9909671523437077,1.2522744696187855,0.09509488755387877,0.08988085786015138,1.417430731085,0.08616149622207513,0.08616149622207513
Water_Quality_Darwin/15T,long,full_ridge_shared,9.303288117051125,9.030927633016722,0.9182474383805644,1.16903619046757,0.09617302047028706,0.09399651710922544,1.336507255165477,0.08877709476614848,0.08877709476614848
Water_Quality_Darwin/15T,medium,vanilla,2.900693764910102,3.3564993845050495,0.5678275883062448,0.7336453362424916,0.06854437153736845,0.06421916704528319,0.8815112955127548,0.06323965374760074,0.06323965374760074
Water_Quality_Darwin/15T,medium,covariate_prediction,28.94027060084045,3.7845209091172856,0.6048619724481854,0.7699728015925987,0.07357951852160338,0.06715732172646213,0.8879909009539472,0.06683330280073967,0.06683330280073967
Water_Quality_Darwin/15T,medium,bayes_covariate_prediction,28.940340662375093,3.462148426763559,0.5729896640209041,0.7363431154302608,0.0691340833832883,0.0637724319347111,0.8659416771057168,0.06315954947747905,0.06315954947747905
Water_Quality_Darwin/15T,medium,full_ridge_shared,38.126942823641,3.3570789516754793,0.5677034924701923,0.7335710033344041,0.0685574439579345,0.0642401086413506,0.8802898269555639,0.06325412604663352,0.06325412604663352
Water_Quality_Darwin/15T,short,vanilla,21.389026205986738,2.04300372001925,0.4198844436519724,0.5028248462628175,0.052672995789155734,0.0497206671831534,0.6095422484024997,0.05058788640029228,0.05058788640029228
Water_Quality_Darwin/15T,short,covariate_prediction,21.389026205986738,2.04300372001925,0.4198844436519724,0.5028248462628175,0.052672995789155734,0.0497206671831534,0.6095422484024997,0.05058788640029228,0.05058788640029228
Water_Quality_Darwin/15T,short,bayes_covariate_prediction,21.389026205986738,2.04300372001925,0.4198844436519724,0.5028248462628175,0.052672995789155734,0.0497206671831534,0.6095422484024997,0.05058788640029228,0.05058788640029228
Water_Quality_Darwin/15T,short,full_ridge_shared,21.389026205986738,2.04300372001925,0.4198844436519724,0.5028248462628175,0.052672995789155734,0.0497206671831534,0.6095422484024997,0.05058788640029228,0.05058788640029228
azure2019_D/5T,short,vanilla,40.571006724610925,56.47830153932693,2.5912948278198638,3.6720675711197055,0.19691991110672738,0.16713676952134612,0.7139268680546685,0.16995732847928888,0.16995732847928888
azure2019_D/5T,short,covariate_prediction,40.571006724610925,56.47830153932693,2.5912948278198638,3.6720675711197055,0.19691991110672738,0.16713676952134612,0.7139268680546685,0.16995732847928888,0.16995732847928888
azure2019_D/5T,short,bayes_covariate_prediction,40.571006724610925,56.47830153932693,2.5912948278198638,3.6720675711197055,0.19691991110672738,0.16713676952134612,0.7139268680546685,0.16995732847928888,0.16995732847928888
azure2019_D/5T,short,full_ridge_shared,40.571006724610925,56.47830153932693,2.5912948278198638,3.6720675711197055,0.19691991110672738,0.16713676952134612,0.7139268680546685,0.16995732847928888,0.16995732847928888
azure2019_I/5T,short,vanilla,20.087707655504346,45.27416105246148,2.144972492189974,3.210131744582422,0.17909665625161783,0.1450451533375802,0.6720799653994799,0.15179527196372633,0.15179527196372633
azure2019_I/5T,short,covariate_prediction,20.087707655504346,45.27416105246148,2.144972492189974,3.210131744582422,0.17909665625161783,0.1450451533375802,0.6720799653994799,0.15179527196372633,0.15179527196372633
azure2019_I/5T,short,bayes_covariate_prediction,20.087707655504346,45.27416105246148,2.144972492189974,3.210131744582422,0.17909665625161783,0.1450451533375802,0.6720799653994799,0.15179527196372633,0.15179527196372633
azure2019_I/5T,short,full_ridge_shared,20.087707655504346,45.27416105246148,2.144972492189974,3.210131744582422,0.17909665625161783,0.1450451533375802,0.6720799653994799,0.15179527196372633,0.15179527196372633
azure2019_U/5T,short,vanilla,5.4210500018671155,69.32600706189042,2.390940556134898,3.325449651240419,0.37064160131276197,0.16478850558929312,0.6571249776312451,0.17734112514430397,0.17734112514430397
azure2019_U/5T,short,covariate_prediction,5.4210500018671155,69.32600706189042,2.390940556134898,3.325449651240419,0.37064160131276197,0.16478850558929312,0.6571249776312451,0.17734112514430397,0.17734112514430397
azure2019_U/5T,short,bayes_covariate_prediction,5.4210500018671155,69.32600706189042,2.390940556134898,3.325449651240419,0.37064160131276197,0.16478850558929312,0.6571249776312451,0.17734112514430397,0.17734112514430397
azure2019_U/5T,short,full_ridge_shared,5.4210500018671155,69.32600706189042,2.390940556134898,3.325449651240419,0.37064160131276197,0.16478850558929312,0.6571249776312451,0.17734112514430397,0.17734112514430397
current_velocity/10T,long,vanilla,1.4043687880039215,11.676829093997988,1.0308974242816946,1.3565479194822818,3330.774495850892,0.5385259147254425,0.9351213257677004,0.3833889544196513,0.3833889544196513
current_velocity/10T,long,covariate_prediction,40.0466016093269,13.413192215644473,1.0679417021118687,1.403586358085389,3330.8019167935977,0.5352518928271928,0.9258720901787921,0.38868890937876494,0.38868890937876494
current_velocity/10T,long,bayes_covariate_prediction,40.046723331324756,12.098683410460993,1.0327533812781553,1.3609634974325546,3330.755303965645,0.5331051567629899,0.9098710797761549,0.37814921726221,0.37814921726221
current_velocity/10T,long,full_ridge_shared,46.01549269352108,11.672466367447974,1.0304956425938576,1.356230232336823,3330.7813480156415,0.5343568404863484,0.9358936256975168,0.3845628088382012,0.3845628088382012
current_velocity/10T,medium,vanilla,4.06275867857039,9.55716854971422,0.8878966346540026,1.1818875226604502,3372.1383399168417,0.4859599708065097,0.6911431149543242,0.33632302300349054,0.33632302300349054
current_velocity/10T,medium,covariate_prediction,75.3771954709664,9.822646448555309,0.8955754262603325,1.1958361534581021,3372.1568731766106,0.4847116788281832,0.6948237989776308,0.33863153370649707,0.33863153370649707
current_velocity/10T,medium,bayes_covariate_prediction,75.37732002139091,9.539398588667447,0.8833152308347294,1.179033510880798,3372.1397868495897,0.48356400110525216,0.6861228776101598,0.3346217274350512,0.3346217274350512
current_velocity/10T,medium,full_ridge_shared,76.92309344746172,9.556933930287684,0.8878813665074281,1.1818710809991975,3372.1382430254553,0.48625569358671267,0.6911165164170934,0.33630955074227714,0.33630955074227714
current_velocity/10T,short,vanilla,32.40479180775583,7.014398304167476,0.7190213343260015,0.9037141555871174,3150.0566805890385,0.43714481218332935,0.5283046739516529,0.3258274561233254,0.3258274561233254
current_velocity/10T,short,covariate_prediction,32.40479180775583,7.014398304167476,0.7190213343260015,0.9037141555871174,3150.0566805890385,0.43714481218332935,0.5283046739516529,0.3258274561233254,0.3258274561233254
current_velocity/10T,short,bayes_covariate_prediction,32.40479180775583,7.014398304167476,0.7190213343260015,0.9037141555871174,3150.0566805890385,0.43714481218332935,0.5283046739516529,0.3258274561233254,0.3258274561233254
current_velocity/10T,short,full_ridge_shared,32.40479180775583,7.014398304167476,0.7190213343260015,0.9037141555871174,3150.0566805890385,0.43714481218332935,0.5283046739516529,0.3258274561233254,0.3258274561233254
current_velocity/15T,long,vanilla,0.5489171901717782,10.545652185548425,1.061131691680433,1.341420260409983,119975.52890856045,0.5962108790672945,0.8343732375159416,0.44902400922561353,0.44902400922561353
current_velocity/15T,long,covariate_prediction,0.5489171901717782,10.545652185548425,1.061131691680433,1.341420260409983,119975.52890856045,0.5962108790672945,0.8343732375159416,0.44902400922561353,0.44902400922561353
current_velocity/15T,long,bayes_covariate_prediction,0.5489171901717782,10.545652185548425,1.061131691680433,1.341420260409983,119975.52890856045,0.5962108790672945,0.8343732375159416,0.44902400922561353,0.44902400922561353
current_velocity/15T,long,full_ridge_shared,0.5489171901717782,10.545652185548425,1.061131691680433,1.341420260409983,119975.52890856045,0.5962108790672945,0.8343732375159416,0.44902400922561353,0.44902400922561353
current_velocity/15T,medium,vanilla,1.6444967882707715,8.916212549729067,0.9588080937561619,1.207207860284949,122394.52034056495,0.5726952874864876,0.7292408339267435,0.4318312862531994,0.4318312862531994
current_velocity/15T,medium,covariate_prediction,1.6444967882707715,8.916212549729067,0.9588080937561619,1.207207860284949,122394.52034056495,0.5726952874864876,0.7292408339267435,0.4318312862531994,0.4318312862531994
current_velocity/15T,medium,bayes_covariate_prediction,1.6444967882707715,8.916212549729067,0.9588080937561619,1.207207860284949,122394.52034056495,0.5726952874864876,0.7292408339267435,0.4318312862531994,0.4318312862531994
current_velocity/15T,medium,full_ridge_shared,1.6444967882707715,8.916212549729067,0.9588080937561619,1.207207860284949,122394.52034056495,0.5726952874864876,0.7292408339267435,0.4318312862531994,0.4318312862531994
current_velocity/15T,short,vanilla,12.417618847452104,6.05515836665764,0.7410914236113538,0.9015804159960418,108212.79943879657,0.4682939737682382,0.5023035959666317,0.38378726853955775,0.38378726853955775
current_velocity/15T,short,covariate_prediction,12.417618847452104,6.05515836665764,0.7410914236113538,0.9015804159960418,108212.79943879657,0.4682939737682382,0.5023035959666317,0.38378726853955775,0.38378726853955775
current_velocity/15T,short,bayes_covariate_prediction,12.417618847452104,6.05515836665764,0.7410914236113538,0.9015804159960418,108212.79943879657,0.4682939737682382,0.5023035959666317,0.38378726853955775,0.38378726853955775
current_velocity/15T,short,full_ridge_shared,12.417618847452104,6.05515836665764,0.7410914236113538,0.9015804159960418,108212.79943879657,0.4682939737682382,0.5023035959666317,0.38378726853955775,0.38378726853955775
current_velocity/20T,long,vanilla,2.890557274222374,9.892995385197665,1.0359123305041569,1.3005986964536889,1.5364245158642762,0.6062041632418674,1.0474598582211219,0.4632693582308285,0.4632693582308285
current_velocity/20T,long,covariate_prediction,2.890557274222374,9.892995385197665,1.0359123305041569,1.3005986964536889,1.5364245158642762,0.6062041632418674,1.0474598582211219,0.4632693582308285,0.4632693582308285
current_velocity/20T,long,bayes_covariate_prediction,2.890557274222374,9.892995385197665,1.0359123305041569,1.3005986964536889,1.5364245158642762,0.6062041632418674,1.0474598582211219,0.4632693582308285,0.4632693582308285
current_velocity/20T,long,full_ridge_shared,2.890557274222374,9.892995385197665,1.0359123305041569,1.3005986964536889,1.5364245158642762,0.6062041632418674,1.0474598582211219,0.4632693582308285,0.4632693582308285
current_velocity/20T,medium,vanilla,8.606867323629558,7.8027431222055466,0.883055005811989,1.0873183681692127,1.1919067361491578,0.5212002388534505,0.7585176176050433,0.3903163498548661,0.3903163498548661
current_velocity/20T,medium,covariate_prediction,8.606867323629558,7.8027431222055466,0.883055005811989,1.0873183681692127,1.1919067361491578,0.5212002388534505,0.7585176176050433,0.3903163498548661,0.3903163498548661
current_velocity/20T,medium,bayes_covariate_prediction,8.606867323629558,7.8027431222055466,0.883055005811989,1.0873183681692127,1.1919067361491578,0.5212002388534505,0.7585176176050433,0.3903163498548661,0.3903163498548661
current_velocity/20T,medium,full_ridge_shared,8.606867323629558,7.8027431222055466,0.883055005811989,1.0873183681692127,1.1919067361491578,0.5212002388534505,0.7585176176050433,0.3903163498548661,0.3903163498548661
current_velocity/20T,short,vanilla,66.5167979914695,4.1751561585361365,0.6052195246660109,0.7124858483241029,0.9216093323412801,0.42261422754223915,0.47910051773943807,0.3410431714313891,0.3410431714313891
current_velocity/20T,short,covariate_prediction,66.5167979914695,4.1751561585361365,0.6052195246660109,0.7124858483241029,0.9216093323412801,0.42261422754223915,0.47910051773943807,0.3410431714313891,0.3410431714313891
current_velocity/20T,short,bayes_covariate_prediction,66.5167979914695,4.1751561585361365,0.6052195246660109,0.7124858483241029,0.9216093323412801,0.42261422754223915,0.47910051773943807,0.3410431714313891,0.3410431714313891
current_velocity/20T,short,full_ridge_shared,66.5167979914695,4.1751561585361365,0.6052195246660109,0.7124858483241029,0.9216093323412801,0.42261422754223915,0.47910051773943807,0.3410431714313891,0.3410431714313891
current_velocity/5T,long,vanilla,0.15692849084734917,5.494680423381424,0.8914244977776197,1.0733475168801736,0.8593487745008729,0.48285399716219474,0.8300299590984856,0.44949871582794265,0.44949871582794265
current_velocity/5T,long,covariate_prediction,0.9889347767457366,6.755127785319733,0.9610513950038077,1.1685227798111661,0.8238088500310898,0.47836725089118304,0.801269867513336,0.4205145603288999,0.4205145603288999
current_velocity/5T,long,bayes_covariate_prediction,0.9889634363353252,5.785988126112013,0.9070508663948653,1.0934450527445974,0.8435727499026374,0.4803016242743115,0.8083147247338577,0.4370259943015979,0.4370259943015979
current_velocity/5T,long,full_ridge_shared,1.390749461017549,5.501022369595292,0.8948223618925605,1.075406078436238,0.8619703427275474,0.5629278572140436,0.8655398795120639,0.46887931294052854,0.46887931294052854
current_velocity/5T,medium,vanilla,0.4147814176976681,5.008877920412857,0.7779179214746375,0.9558272813308873,0.6799373477765973,0.41541689088656164,0.5819090315280525,0.3628913936041706,0.3628913936041706
current_velocity/5T,medium,covariate_prediction,8.563732325099409,6.758307894867636,0.9001796972268047,1.1036746006737075,0.6755974446073197,0.4094267335246308,0.5896777650433556,0.3599970104923393,0.3599970104923393
current_velocity/5T,medium,bayes_covariate_prediction,8.563761545345187,5.610640155377991,0.8239063345730984,1.0110149475149566,0.6721600957582629,0.40697280599258,0.5761385514763138,0.3577758302208593,0.3577758302208593
current_velocity/5T,medium,full_ridge_shared,8.980567815713584,4.994739415785143,0.7780799056905051,0.9559409259345467,1.1498497226429962,0.43243714709727277,0.7393925783966134,0.5827903672526903,0.5827903672526903
current_velocity/5T,short,vanilla,3.286330858245492,2.91359569181815,0.5493215439626555,0.6554102410891427,0.43597219167423384,0.3435261996851947,0.3677495860120841,0.2954592712006785,0.2954592712006785
current_velocity/5T,short,covariate_prediction,3.286330858245492,2.91359569181815,0.5493215439626555,0.6554102410891427,0.43597219167423384,0.3435261996851947,0.3677495860120841,0.2954592712006785,0.2954592712006785
current_velocity/5T,short,bayes_covariate_prediction,3.286330858245492,2.91359569181815,0.5493215439626555,0.6554102410891427,0.43597219167423384,0.3435261996851947,0.3677495860120841,0.2954592712006785,0.2954592712006785
current_velocity/5T,short,full_ridge_shared,3.286330858245492,2.91359569181815,0.5493215439626555,0.6554102410891427,0.43597219167423384,0.3435261996851947,0.3677495860120841,0.2954592712006785,0.2954592712006785
current_velocity/H,long,vanilla,0.6776343872770667,11.706170184893693,1.1858292484606365,1.4933212670437028,2265187340389.5234,0.6040750093294017,1.3405691364710408,0.429431390326163,0.429431390326163
current_velocity/H,long,covariate_prediction,0.6776343872770667,11.706170184893693,1.1858292484606365,1.4933212670437028,2265187340389.5234,0.6040750093294017,1.3405691364710408,0.429431390326163,0.429431390326163
current_velocity/H,long,bayes_covariate_prediction,0.6776343872770667,11.706170184893693,1.1858292484606365,1.4933212670437028,2265187340389.5234,0.6040750093294017,1.3405691364710408,0.429431390326163,0.429431390326163
current_velocity/H,long,full_ridge_shared,0.6776343872770667,11.706170184893693,1.1858292484606365,1.4933212670437028,2265187340389.5234,0.6040750093294017,1.3405691364710408,0.429431390326163,0.429431390326163
current_velocity/H,medium,vanilla,1.3461475521326065,10.956829556474784,1.1121571701612962,1.3903823846714696,2525141588144.6694,0.5614585281976375,1.1527020069455804,0.40155939401233326,0.40155939401233326
current_velocity/H,medium,covariate_prediction,1.3461475521326065,10.956829556474784,1.1121571701612962,1.3903823846714696,2525141588144.6694,0.5614585281976375,1.1527020069455804,0.40155939401233326,0.40155939401233326
current_velocity/H,medium,bayes_covariate_prediction,1.3461475521326065,10.956829556474784,1.1121571701612962,1.3903823846714696,2525141588144.6694,0.5614585281976375,1.1527020069455804,0.40155939401233326,0.40155939401233326
current_velocity/H,medium,full_ridge_shared,1.3461475521326065,10.956829556474784,1.1121571701612962,1.3903823846714696,2525141588144.6694,0.5614585281976375,1.1527020069455804,0.40155939401233326,0.40155939401233326
current_velocity/H,short,vanilla,8.70329169370234,6.584621841306873,0.7994899050682378,0.9958634210007489,1990655322254.2659,0.44136103082945727,0.7026019718045315,0.33344984410306405,0.33344984410306405
current_velocity/H,short,covariate_prediction,8.70329169370234,6.584621841306873,0.7994899050682378,0.9958634210007489,1990655322254.2659,0.44136103082945727,0.7026019718045315,0.33344984410306405,0.33344984410306405
current_velocity/H,short,bayes_covariate_prediction,8.70329169370234,6.584621841306873,0.7994899050682378,0.9958634210007489,1990655322254.2659,0.44136103082945727,0.7026019718045315,0.33344984410306405,0.33344984410306405
current_velocity/H,short,full_ridge_shared,8.70329169370234,6.584621841306873,0.7994899050682378,0.9958634210007489,1990655322254.2659,0.44136103082945727,0.7026019718045315,0.33344984410306405,0.33344984410306405
epf_electricity_price/H,long,vanilla,0.34083488304167986,221.42789991938164,8.508772664683915,11.780221970231468,1.785462644421567,0.20879303862169765,1.3994283956737916,0.20003318783476634,0.20003318783476634
epf_electricity_price/H,long,covariate_prediction,10.944993666373193,236.62338691220373,8.891699183612825,12.182975653253223,1.8058202103141041,0.2202332875063316,1.4466765735167022,0.20868216451941862,0.20868216451941862
epf_electricity_price/H,long,bayes_covariate_prediction,10.945015395991504,225.22229618016078,8.590251502313073,11.869015730638832,1.7876923889794452,0.211160381874568,1.4069176529032001,0.20146173889148974,0.20146173889148974
epf_electricity_price/H,long,full_ridge_shared,11.175014295615256,218.90604001418671,8.443207263430905,11.707410805442345,1.7574835933320525,0.20747508821257002,1.3865686849043215,0.19932413740879795,0.19932413740879795
epf_electricity_price/H,medium,vanilla,0.7882051365450025,191.3619371250426,7.605481893258199,10.009415437827855,1.7642299992221349,0.19026082570354824,1.2097578962466635,0.18774633117975645,0.18774633117975645
epf_electricity_price/H,medium,covariate_prediction,12.306911817751825,210.3019611340022,8.002956115544906,10.472698414545526,1.8745593985027027,0.20417868081419488,1.2578734531413927,0.20218814828193135,0.20218814828193135
epf_electricity_price/H,medium,bayes_covariate_prediction,12.306937178596854,196.37585797349436,7.708277730084366,10.134549809750377,1.7579109147438972,0.19494627212836788,1.220301095704842,0.1906108507450959,0.1906108507450959
epf_electricity_price/H,medium,full_ridge_shared,12.912914477288723,190.2969697176713,7.556609155268422,9.964539236523533,1.752357037504405,0.18841452584954763,1.2007933740338013,0.18719988688616854,0.18719988688616854
epf_electricity_price/H,short,vanilla,2.388010318391025,124.52745872989365,6.070351255617975,7.630915334670629,1.2406968476829465,0.1577792322953122,0.9582914647557867,0.16096608875593407,0.16096608875593407
epf_electricity_price/H,short,covariate_prediction,9.16354213654995,128.21111673685036,6.13968081376471,7.726858948673085,1.1984523529007758,0.1634540840478294,0.9748496220941065,0.16245172475393957,0.16245172475393957
epf_electricity_price/H,short,bayes_covariate_prediction,9.163584155961871,125.08161014265475,6.077715687435713,7.644814904868795,1.219385477014236,0.16000366511642317,0.9621004821332755,0.16102099958888674,0.16102099958888674
epf_electricity_price/H,short,full_ridge_shared,9.312061348930001,124.37592158930322,6.063714617307164,7.62394786680704,1.2341019280684045,0.1576200648840894,0.9570429439071118,0.1607040777094521,0.1607040777094521
