dataset,frequency,term,scope,window_config,context_limit,prediction_length,generated_queries,channel_windows,values,finite_values,nan_values,positive_infinity_values,negative_infinity_values,nonfinite_values,nonfinite_channel_windows,constant_channel_windows,all_nonfinite_channel_windows
Australia_Solar,H,all,context,"L=2048,H=168",2048,168,15,45,92160,77777,14383,0,0,14383,30,0,0
Australia_Solar,H,all,context,"L=2048,H=24",2048,24,105,315,645120,543986,101134,0,0,101134,210,0,0
Australia_Solar,H,all,context,"L=2048,H=72",2048,72,35,105,215040,181378,33662,0,0,33662,70,0,0
Australia_Solar,H,all,context,"L=4096,H=168",4096,168,15,45,184320,154995,29325,0,0,29325,30,0,0
Australia_Solar,H,all,context,"L=4096,H=24",4096,24,105,315,1290240,1084998,205242,0,0,205242,210,0,0
Australia_Solar,H,all,context,"L=4096,H=72",4096,72,35,105,430080,361661,68419,0,0,68419,70,0,0
Australia_Solar,H,all,context,"L=8192,H=168",8192,168,15,45,368640,305796,62844,0,0,62844,30,0,0
Australia_Solar,H,all,context,"L=8192,H=24",8192,24,105,315,2580480,2140533,439947,0,0,439947,210,0,0
Australia_Solar,H,all,context,"L=8192,H=72",8192,72,35,105,860160,713516,146644,0,0,146644,70,0,0
Australia_Solar,H,all,context,"L=full,H=168",,168,15,45,1517400,1240143,277257,0,0,277257,30,0,0
Australia_Solar,H,all,context,"L=full,H=24",,24,105,315,10644480,8699753,1944727,0,0,1944727,210,0,0
Australia_Solar,H,all,context,"L=full,H=72",,72,35,105,3545640,2897833,647807,0,0,647807,70,0,0
Australia_Solar,H,all,query,H=168,,168,15,45,7560,6271,1289,0,0,1289,30,0,0
Australia_Solar,H,all,query,H=24,,24,105,315,7560,6271,1289,0,0,1289,210,0,3
Australia_Solar,H,all,query,H=72,,72,35,105,7560,6271,1289,0,0,1289,70,0,0
Auto_Production_SF,M,all,context,"L=2048,H=12",2048,12,5,5,1655,1655,0,0,0,0,0,0,0
Auto_Production_SF,M,all,context,"L=4096,H=12",4096,12,5,5,1655,1655,0,0,0,0,0,0,0
Auto_Production_SF,M,all,context,"L=8192,H=12",8192,12,5,5,1655,1655,0,0,0,0,0,0,0
Auto_Production_SF,M,all,context,"L=full,H=12",,12,5,5,1655,1655,0,0,0,0,0,0,0
Auto_Production_SF,M,all,query,H=12,,12,5,5,60,60,0,0,0,0,0,0,0
CPHL,15T,all,context,"L=2048,H=12",2048,12,240,240,491520,490691,829,0,0,829,240,0,0
CPHL,15T,all,context,"L=2048,H=288",2048,288,10,10,20480,20445,35,0,0,35,10,0,0
CPHL,15T,all,context,"L=2048,H=96",2048,96,30,30,61440,61337,103,0,0,103,30,0,0
CPHL,15T,all,context,"L=4096,H=12",4096,12,240,240,983040,981395,1645,0,0,1645,240,0,0
CPHL,15T,all,context,"L=4096,H=288",4096,288,10,10,40960,40892,68,0,0,68,10,0,0
CPHL,15T,all,context,"L=4096,H=96",4096,96,30,30,122880,122675,205,0,0,205,30,0,0
CPHL,15T,all,context,"L=8192,H=12",8192,12,240,240,1966080,1962808,3272,0,0,3272,240,0,0
CPHL,15T,all,context,"L=8192,H=288",8192,288,10,10,81920,81784,136,0,0,136,10,0,0
CPHL,15T,all,context,"L=8192,H=96",8192,96,30,30,245760,245351,409,0,0,409,30,0,0
CPHL,15T,all,context,"L=full,H=12",,12,240,240,2320200,2316299,3901,0,0,3901,240,0,0
CPHL,15T,all,context,"L=full,H=288",,288,10,10,95295,95135,160,0,0,160,10,0,0
CPHL,15T,all,context,"L=full,H=96",,96,30,30,288765,288280,485,0,0,485,30,0,0
CPHL,15T,all,query,H=12,,12,240,240,2880,2875,5,0,0,5,5,0,0
CPHL,15T,all,query,H=288,,288,10,10,2880,2875,5,0,0,5,5,0,0
CPHL,15T,all,query,H=96,,96,30,30,2880,2875,5,0,0,5,5,0,0
CPHL,30T,all,context,"L=2048,H=12",2048,12,240,240,491520,460938,30582,0,0,30582,240,0,0
CPHL,30T,all,context,"L=2048,H=144",2048,144,20,20,40960,38417,2543,0,0,2543,20,0,0
CPHL,30T,all,context,"L=2048,H=48",2048,48,60,60,122880,115247,7633,0,0,7633,60,0,0
CPHL,30T,all,context,"L=4096,H=12",4096,12,240,240,983040,944233,38807,0,0,38807,240,0,0
CPHL,30T,all,context,"L=4096,H=144",4096,144,20,20,81920,78774,3146,0,0,3146,20,0,0
CPHL,30T,all,context,"L=4096,H=48",4096,48,60,60,245760,236130,9630,0,0,9630,60,0,0
CPHL,30T,all,context,"L=8192,H=12",8192,12,240,240,1966080,1908861,57219,0,0,57219,240,0,0
CPHL,30T,all,context,"L=8192,H=144",8192,144,20,20,163840,159165,4675,0,0,4675,20,0,0
CPHL,30T,all,context,"L=8192,H=48",8192,48,60,60,491520,477290,14230,0,0,14230,60,0,0
CPHL,30T,all,context,"L=full,H=12",,12,240,240,3350640,3060229,290411,0,0,290411,240,0,0
CPHL,30T,all,context,"L=full,H=144",,144,20,20,277900,253793,24107,0,0,24107,20,0,0
CPHL,30T,all,context,"L=full,H=48",,48,60,60,836580,764054,72526,0,0,72526,60,0,0
CPHL,30T,all,query,H=12,,12,240,240,2880,2681,199,0,0,199,66,0,0
CPHL,30T,all,query,H=144,,144,20,20,2880,2681,199,0,0,199,10,0,0
CPHL,30T,all,query,H=48,,48,60,60,2880,2681,199,0,0,199,25,0,0
CPHL,H,all,context,"L=2048,H=168",2048,168,16,16,32464,32332,132,0,0,132,8,0,0
CPHL,H,all,context,"L=2048,H=24",2048,24,112,112,228144,227160,984,0,0,984,56,0,0
CPHL,H,all,context,"L=2048,H=336",2048,336,8,8,16142,16079,63,0,0,63,4,0,0
CPHL,H,all,context,"L=4096,H=168",4096,168,16,16,50200,50068,132,0,0,132,8,0,0
CPHL,H,all,context,"L=4096,H=24",4096,24,112,112,355432,354448,984,0,0,984,56,0,0
CPHL,H,all,context,"L=4096,H=336",4096,336,8,8,24764,24701,63,0,0,63,4,0,0
CPHL,H,all,context,"L=8192,H=168",8192,168,16,16,72055,69407,2648,0,0,2648,8,0,0
CPHL,H,all,context,"L=8192,H=24",8192,24,112,112,510820,492224,18596,0,0,18596,56,0,0
CPHL,H,all,context,"L=8192,H=336",8192,336,8,8,35483,34162,1321,0,0,1321,4,0,0
CPHL,H,all,context,"L=full,H=168",,168,16,16,72820,70172,2648,0,0,2648,8,0,0
CPHL,H,all,context,"L=full,H=24",,24,112,112,517804,499208,18596,0,0,18596,56,0,0
CPHL,H,all,context,"L=full,H=336",,336,8,8,35738,34417,1321,0,0,1321,4,0,0
CPHL,H,all,query,H=168,,168,16,16,2688,2654,34,0,0,34,3,0,0
CPHL,H,all,query,H=24,,24,112,112,2688,2654,34,0,0,34,9,0,0
CPHL,H,all,query,H=336,,336,8,8,2688,2654,34,0,0,34,2,0,0
Coastal_T_S,15T,all,context,"L=2048,H=12",2048,12,600,1800,3686400,3686400,0,0,0,0,0,0,0
Coastal_T_S,15T,all,context,"L=2048,H=288",2048,288,25,75,153600,153600,0,0,0,0,0,0,0
Coastal_T_S,15T,all,context,"L=2048,H=96",2048,96,75,225,460800,460800,0,0,0,0,0,0,0
Coastal_T_S,15T,all,context,"L=4096,H=12",4096,12,600,1800,7372800,7372800,0,0,0,0,0,0,0
Coastal_T_S,15T,all,context,"L=4096,H=288",4096,288,25,75,307200,307200,0,0,0,0,0,0,0
Coastal_T_S,15T,all,context,"L=4096,H=96",4096,96,75,225,921600,921600,0,0,0,0,0,0,0
Coastal_T_S,15T,all,context,"L=8192,H=12",8192,12,600,1800,14745600,14745600,0,0,0,0,0,0,0
Coastal_T_S,15T,all,context,"L=8192,H=288",8192,288,25,75,614400,614400,0,0,0,0,0,0,0
Coastal_T_S,15T,all,context,"L=8192,H=96",8192,96,75,225,1843200,1843200,0,0,0,0,0,0,0
Coastal_T_S,15T,all,context,"L=full,H=12",,12,600,1800,36259560,36259560,0,0,0,0,0,0,0
Coastal_T_S,15T,all,context,"L=full,H=288",,288,25,75,1500465,1500465,0,0,0,0,0,0,0
Coastal_T_S,15T,all,context,"L=full,H=96",,96,75,225,4522995,4522995,0,0,0,0,0,0,0
Coastal_T_S,15T,all,query,H=12,,12,600,1800,21600,21600,0,0,0,0,0,0,0
Coastal_T_S,15T,all,query,H=288,,288,25,75,21600,21600,0,0,0,0,0,0,0
Coastal_T_S,15T,all,query,H=96,,96,75,225,21600,21600,0,0,0,0,0,0,0
Coastal_T_S,20T,all,context,"L=2048,H=216",2048,216,5,15,30720,30720,0,0,0,0,0,0,0
Coastal_T_S,20T,all,context,"L=2048,H=72",2048,72,15,45,92160,92160,0,0,0,0,0,0,0
Coastal_T_S,20T,all,context,"L=2048,H=9",2048,9,120,360,737280,737280,0,0,0,0,0,0,0
Coastal_T_S,20T,all,context,"L=4096,H=216",4096,216,5,15,61440,61440,0,0,0,0,0,0,0
Coastal_T_S,20T,all,context,"L=4096,H=72",4096,72,15,45,184320,184320,0,0,0,0,0,0,0
Coastal_T_S,20T,all,context,"L=4096,H=9",4096,9,120,360,1474560,1474560,0,0,0,0,0,0,0
Coastal_T_S,20T,all,context,"L=8192,H=216",8192,216,5,15,113250,113250,0,0,0,0,0,0,0
Coastal_T_S,20T,all,context,"L=8192,H=72",8192,72,15,45,342990,342990,0,0,0,0,0,0,0
Coastal_T_S,20T,all,context,"L=8192,H=9",8192,9,120,360,2755260,2755260,0,0,0,0,0,0,0
Coastal_T_S,20T,all,context,"L=full,H=216",,216,5,15,113250,113250,0,0,0,0,0,0,0
Coastal_T_S,20T,all,context,"L=full,H=72",,72,15,45,342990,342990,0,0,0,0,0,0,0
Coastal_T_S,20T,all,context,"L=full,H=9",,9,120,360,2755260,2755260,0,0,0,0,0,0,0
Coastal_T_S,20T,all,query,H=216,,216,5,15,3240,3240,0,0,0,0,0,0,0
Coastal_T_S,20T,all,query,H=72,,72,15,45,3240,3240,0,0,0,0,0,0,0
Coastal_T_S,20T,all,query,H=9,,9,120,360,3240,3240,0,0,0,0,0,0,0
Coastal_T_S,5T,all,context,"L=2048,H=288",2048,288,270,810,1658880,1658880,0,0,0,0,0,0,0
Coastal_T_S,5T,all,context,"L=2048,H=36",2048,36,2160,6480,13271040,13271040,0,0,0,0,0,0,0
Coastal_T_S,5T,all,context,"L=2048,H=864",2048,864,90,270,552960,552960,0,0,0,0,0,0,0
Coastal_T_S,5T,all,context,"L=4096,H=288",4096,288,270,810,3317760,3317760,0,0,0,0,0,0,0
Coastal_T_S,5T,all,context,"L=4096,H=36",4096,36,2160,6480,26542080,26542080,0,0,0,0,0,0,0
Coastal_T_S,5T,all,context,"L=4096,H=864",4096,864,90,270,1105920,1105920,0,0,0,0,0,0,0
Coastal_T_S,5T,all,context,"L=8192,H=288",8192,288,270,810,6635520,6635520,0,0,0,0,0,0,0
Coastal_T_S,5T,all,context,"L=8192,H=36",8192,36,2160,6480,53084160,53084160,0,0,0,0,0,0,0
Coastal_T_S,5T,all,context,"L=8192,H=864",8192,864,90,270,2211840,2211840,0,0,0,0,0,0,0
Coastal_T_S,5T,all,context,"L=full,H=288",,288,270,810,53703765,53702730,1035,0,0,1035,15,0,0
Coastal_T_S,5T,all,context,"L=full,H=36",,36,2160,6480,430446600,430438320,8280,0,0,8280,120,0,0
Coastal_T_S,5T,all,context,"L=full,H=864",,864,90,270,17823495,17823150,345,0,0,345,5,0,0
Coastal_T_S,5T,all,query,H=288,,288,270,810,233280,233280,0,0,0,0,0,0,0
Coastal_T_S,5T,all,query,H=36,,36,2160,6480,233280,233280,0,0,0,0,0,0,0
Coastal_T_S,5T,all,query,H=864,,864,90,270,233280,233280,0,0,0,0,0,0,0
Coastal_T_S,H,all,context,"L=2048,H=168",2048,168,96,288,589824,589824,0,0,0,0,0,0,0
Coastal_T_S,H,all,context,"L=2048,H=24",2048,24,672,2016,4128768,4128768,0,0,0,0,0,0,0
Coastal_T_S,H,all,context,"L=2048,H=336",2048,336,48,144,294912,294912,0,0,0,0,0,0,0
Coastal_T_S,H,all,context,"L=4096,H=168",4096,168,96,288,1112988,1112988,0,0,0,0,0,0,0
Coastal_T_S,H,all,context,"L=4096,H=24",4096,24,672,2016,7833000,7833000,0,0,0,0,0,0,0
Coastal_T_S,H,all,context,"L=4096,H=336",4096,336,48,144,552966,552966,0,0,0,0,0,0,0
Coastal_T_S,H,all,context,"L=8192,H=168",8192,168,96,288,1454712,1454712,0,0,0,0,0,0,0
Coastal_T_S,H,all,context,"L=8192,H=24",8192,24,672,2016,10315392,10315392,0,0,0,0,0,0,0
Coastal_T_S,H,all,context,"L=8192,H=336",8192,336,48,144,716274,716274,0,0,0,0,0,0,0
Coastal_T_S,H,all,context,"L=full,H=168",,168,96,288,1459812,1459812,0,0,0,0,0,0,0
Coastal_T_S,H,all,context,"L=full,H=24",,24,672,2016,10363836,10363836,0,0,0,0,0,0,0
Coastal_T_S,H,all,context,"L=full,H=336",,336,48,144,717810,717810,0,0,0,0,0,0,0
Coastal_T_S,H,all,query,H=168,,168,96,288,48384,48384,0,0,0,0,0,0,0
Coastal_T_S,H,all,query,H=24,,24,672,2016,48384,48384,0,0,0,0,0,18,0
Coastal_T_S,H,all,query,H=336,,336,48,144,48384,48384,0,0,0,0,0,0,0
Commodity_Import,M,all,context,"L=2048,H=12",2048,12,40,40,26450,26450,0,0,0,0,0,0,0
Commodity_Import,M,all,context,"L=4096,H=12",4096,12,40,40,26450,26450,0,0,0,0,0,0,0
Commodity_Import,M,all,context,"L=8192,H=12",8192,12,40,40,26450,26450,0,0,0,0,0,0,0
Commodity_Import,M,all,context,"L=full,H=12",,12,40,40,26450,26450,0,0,0,0,0,0,0
Commodity_Import,M,all,query,H=12,,12,40,40,480,480,0,0,0,0,0,0,0
Commodity_Production,M,all,context,"L=2048,H=12",2048,12,160,160,46255,46255,0,0,0,0,0,0,0
Commodity_Production,M,all,context,"L=4096,H=12",4096,12,160,160,46255,46255,0,0,0,0,0,0,0
Commodity_Production,M,all,context,"L=8192,H=12",8192,12,160,160,46255,46255,0,0,0,0,0,0,0
Commodity_Production,M,all,context,"L=full,H=12",,12,160,160,46255,46255,0,0,0,0,0,0,0
Commodity_Production,M,all,query,H=12,,12,160,160,1920,1920,0,0,0,0,0,0,0
Crypto,D,all,context,"L=2048,H=30",2048,30,9,36,73728,73728,0,0,0,0,0,0,0
Crypto,D,all,context,"L=4096,H=30",4096,30,9,36,96804,96804,0,0,0,0,0,0,0
Crypto,D,all,context,"L=8192,H=30",8192,30,9,36,96804,96804,0,0,0,0,0,0,0
Crypto,D,all,context,"L=full,H=30",,30,9,36,96804,96804,0,0,0,0,0,0,0
Crypto,D,all,query,H=30,,30,9,36,1080,1080,0,0,0,0,0,0,0
ECDC_COVID,D,all,context,"L=2048,H=30",2048,30,45,45,46195,44747,1448,0,0,1448,10,0,0
ECDC_COVID,D,all,context,"L=4096,H=30",4096,30,45,45,46195,44747,1448,0,0,1448,10,0,0
ECDC_COVID,D,all,context,"L=8192,H=30",8192,30,45,45,46195,44747,1448,0,0,1448,10,0,0
ECDC_COVID,D,all,context,"L=full,H=30",,30,45,45,46195,44747,1448,0,0,1448,10,0,0
ECDC_COVID,D,all,query,H=30,,30,45,45,1350,1220,130,0,0,130,5,0,0
ECDC_COVID,W,all,context,"L=2048,H=13",2048,13,64,64,8508,8397,111,0,0,111,16,0,0
ECDC_COVID,W,all,context,"L=4096,H=13",4096,13,64,64,8508,8397,111,0,0,111,16,0,0
ECDC_COVID,W,all,context,"L=8192,H=13",8192,13,64,64,8508,8397,111,0,0,111,16,0,0
ECDC_COVID,W,all,context,"L=full,H=13",,13,64,64,8508,8397,111,0,0,111,16,0,0
ECDC_COVID,W,all,query,H=13,,13,64,64,832,820,12,0,0,12,6,0,0
EWELD_Load,15T,all,context,"L=2048,H=24",2048,24,56,560,1146880,1146880,0,0,0,0,0,0,0
EWELD_Load,15T,all,context,"L=2048,H=672",2048,672,2,20,40960,40960,0,0,0,0,0,0,0
EWELD_Load,15T,all,context,"L=2048,H=96",2048,96,14,140,286720,286720,0,0,0,0,0,0,0
EWELD_Load,15T,all,context,"L=4096,H=24",4096,24,56,560,2293760,2293760,0,0,0,0,0,0,0
EWELD_Load,15T,all,context,"L=4096,H=672",4096,672,2,20,81920,81920,0,0,0,0,0,0,0
EWELD_Load,15T,all,context,"L=4096,H=96",4096,96,14,140,573440,573440,0,0,0,0,0,0,0
EWELD_Load,15T,all,context,"L=8192,H=24",8192,24,56,560,4587520,4587520,0,0,0,0,0,0,0
EWELD_Load,15T,all,context,"L=8192,H=672",8192,672,2,20,163840,163840,0,0,0,0,0,0,0
EWELD_Load,15T,all,context,"L=8192,H=96",8192,96,14,140,1146880,1146880,0,0,0,0,0,0,0
EWELD_Load,15T,all,context,"L=full,H=24",,24,56,560,11121600,11121600,0,0,0,0,0,0,0
EWELD_Load,15T,all,context,"L=full,H=672",,672,2,20,390720,390720,0,0,0,0,0,0,0
EWELD_Load,15T,all,context,"L=full,H=96",,96,14,140,2775360,2775360,0,0,0,0,0,0,0
EWELD_Load,15T,all,query,H=24,,24,56,560,13440,13440,0,0,0,0,0,1,0
EWELD_Load,15T,all,query,H=672,,672,2,20,13440,13440,0,0,0,0,0,0,0
EWELD_Load,15T,all,query,H=96,,96,14,140,13440,13440,0,0,0,0,0,0,0
Finland_Traffic,15T,all,context,"L=2048,H=16",2048,16,186,186,380928,380928,0,0,0,0,0,0,0
Finland_Traffic,15T,all,context,"L=2048,H=672",2048,672,4,4,8192,8192,0,0,0,0,0,0,0
Finland_Traffic,15T,all,context,"L=2048,H=96",2048,96,31,31,63488,63488,0,0,0,0,0,0,0
Finland_Traffic,15T,all,context,"L=4096,H=16",4096,16,186,186,761856,761856,0,0,0,0,0,0,0
Finland_Traffic,15T,all,context,"L=4096,H=672",4096,672,4,4,16384,16384,0,0,0,0,0,0,0
Finland_Traffic,15T,all,context,"L=4096,H=96",4096,96,31,31,126976,126976,0,0,0,0,0,0,0
Finland_Traffic,15T,all,context,"L=8192,H=16",8192,16,186,186,1523712,1523712,0,0,0,0,0,0,0
Finland_Traffic,15T,all,context,"L=8192,H=672",8192,672,4,4,32768,32768,0,0,0,0,0,0,0
Finland_Traffic,15T,all,context,"L=8192,H=96",8192,96,31,31,253952,253952,0,0,0,0,0,0,0
Finland_Traffic,15T,all,context,"L=full,H=16",,16,186,186,6257040,6257040,0,0,0,0,0,0,0
Finland_Traffic,15T,all,context,"L=full,H=672",,672,4,4,132672,132672,0,0,0,0,0,0,0
Finland_Traffic,15T,all,context,"L=full,H=96",,96,31,31,1041600,1041600,0,0,0,0,0,0,0
Finland_Traffic,15T,all,query,H=16,,16,186,186,2976,2976,0,0,0,0,0,0,0
Finland_Traffic,15T,all,query,H=672,,672,4,4,2688,2688,0,0,0,0,0,0,0
Finland_Traffic,15T,all,query,H=96,,96,31,31,2976,2976,0,0,0,0,0,0,0
Global_Influenza,W,all,context,"L=2048,H=13",2048,13,60,240,41544,40785,759,0,0,759,95,0,0
Global_Influenza,W,all,context,"L=4096,H=13",4096,13,60,240,41544,40785,759,0,0,759,95,0,0
Global_Influenza,W,all,context,"L=8192,H=13",8192,13,60,240,41544,40785,759,0,0,759,95,0,0
Global_Influenza,W,all,context,"L=full,H=13",,13,60,240,41544,40785,759,0,0,759,95,0,0
Global_Influenza,W,all,query,H=13,,13,60,240,3120,3060,60,0,0,60,10,0,3
Global_Price,Q,all,context,"L=2048,H=4",2048,4,5,300,39000,38720,280,0,0,280,40,0,0
Global_Price,Q,all,context,"L=4096,H=4",4096,4,5,300,39000,38720,280,0,0,280,40,0,0
Global_Price,Q,all,context,"L=8192,H=4",8192,4,5,300,39000,38720,280,0,0,280,40,0,0
Global_Price,Q,all,context,"L=full,H=4",,4,5,300,39000,38720,280,0,0,280,40,0,0
Global_Price,Q,all,query,H=4,,4,5,300,1200,1200,0,0,0,0,0,0,0
Housing_Inventory,M,all,context,"L=2048,H=12",2048,12,3,12,1080,1080,0,0,0,0,0,0,0
Housing_Inventory,M,all,context,"L=4096,H=12",4096,12,3,12,1080,1080,0,0,0,0,0,0,0
Housing_Inventory,M,all,context,"L=8192,H=12",8192,12,3,12,1080,1080,0,0,0,0,0,0,0
Housing_Inventory,M,all,context,"L=full,H=12",,12,3,12,1080,1080,0,0,0,0,0,0,0
Housing_Inventory,M,all,query,H=12,,12,3,12,144,144,0,0,0,0,0,0,0
JOLTS,M,all,context,"L=2048,H=12",2048,12,5,30,7830,7830,0,0,0,0,0,0,0
JOLTS,M,all,context,"L=4096,H=12",4096,12,5,30,7830,7830,0,0,0,0,0,0,0
JOLTS,M,all,context,"L=8192,H=12",8192,12,5,30,7830,7830,0,0,0,0,0,0,0
JOLTS,M,all,context,"L=full,H=12",,12,5,30,7830,7830,0,0,0,0,0,0,0
JOLTS,M,all,query,H=12,,12,5,30,360,360,0,0,0,0,0,0,0
Job_Claims,W,all,context,"L=2048,H=13",2048,13,4,8,1308,1308,0,0,0,0,0,0,0
Job_Claims,W,all,context,"L=4096,H=13",4096,13,4,8,1308,1308,0,0,0,0,0,0,0
Job_Claims,W,all,context,"L=8192,H=13",8192,13,4,8,1308,1308,0,0,0,0,0,0,0
Job_Claims,W,all,context,"L=full,H=13",,13,4,8,1308,1308,0,0,0,0,0,0,0
Job_Claims,W,all,query,H=13,,13,4,8,104,104,0,0,0,0,0,0,0
MetroPT-3,5T,all,context,"L=2048,H=288",2048,288,6,36,73728,57570,16158,0,0,16158,36,0,0
MetroPT-3,5T,all,context,"L=2048,H=48",2048,48,36,216,442368,347478,94890,0,0,94890,216,0,0
MetroPT-3,5T,all,context,"L=2048,H=576",2048,576,3,18,36864,28290,8574,0,0,8574,18,0,0
MetroPT-3,5T,all,context,"L=4096,H=288",4096,288,6,36,147456,118566,28890,0,0,28890,36,0,0
MetroPT-3,5T,all,context,"L=4096,H=48",4096,48,36,216,884736,710622,174114,0,0,174114,216,0,0
MetroPT-3,5T,all,context,"L=4096,H=576",4096,576,3,18,73728,59388,14340,0,0,14340,18,0,0
MetroPT-3,5T,all,context,"L=8192,H=288",8192,288,6,36,294912,241206,53706,0,0,53706,36,0,0
MetroPT-3,5T,all,context,"L=8192,H=48",8192,48,36,216,1769472,1443582,325890,0,0,325890,216,0,0
MetroPT-3,5T,all,context,"L=8192,H=576",8192,576,3,18,147456,120654,26802,0,0,26802,18,0,0
MetroPT-3,5T,all,context,"L=full,H=288",,288,6,36,604836,499734,105102,0,0,105102,36,0,0
MetroPT-3,5T,all,context,"L=full,H=48",,48,36,216,3654936,3018054,636882,0,0,636882,216,0,0
MetroPT-3,5T,all,context,"L=full,H=576",,576,3,18,299826,247794,52032,0,0,52032,18,0,0
MetroPT-3,5T,all,query,H=288,,288,6,36,10368,8922,1446,0,0,1446,30,0,0
MetroPT-3,5T,all,query,H=48,,48,36,216,10368,8922,1446,0,0,1446,60,0,6
MetroPT-3,5T,all,query,H=576,,576,3,18,10368,8922,1446,0,0,1446,18,0,0
NE_China_Wind,H,all,context,"L=2048,H=168",2048,168,4,16,32768,32768,0,0,0,0,0,0,0
NE_China_Wind,H,all,context,"L=2048,H=24",2048,24,30,120,245760,245760,0,0,0,0,0,0,0
NE_China_Wind,H,all,context,"L=2048,H=72",2048,72,10,40,81920,81920,0,0,0,0,0,0,0
NE_China_Wind,H,all,context,"L=4096,H=168",4096,168,4,16,65536,65536,0,0,0,0,0,0,0
NE_China_Wind,H,all,context,"L=4096,H=24",4096,24,30,120,491520,491520,0,0,0,0,0,0,0
NE_China_Wind,H,all,context,"L=4096,H=72",4096,72,10,40,163840,163840,0,0,0,0,0,0,0
NE_China_Wind,H,all,context,"L=8192,H=168",8192,168,4,16,130480,130480,0,0,0,0,0,0,0
NE_China_Wind,H,all,context,"L=8192,H=24",8192,24,30,120,980912,980912,0,0,0,0,0,0,0
NE_China_Wind,H,all,context,"L=8192,H=72",8192,72,10,40,326768,326768,0,0,0,0,0,0,0
NE_China_Wind,H,all,context,"L=full,H=168",,168,4,16,132736,132736,0,0,0,0,0,0,0
NE_China_Wind,H,all,context,"L=full,H=24",,24,30,120,1007040,1007040,0,0,0,0,0,0,0
NE_China_Wind,H,all,context,"L=full,H=72",,72,10,40,334720,334720,0,0,0,0,0,0,0
NE_China_Wind,H,all,query,H=168,,168,4,16,2688,2688,0,0,0,0,0,0,0
NE_China_Wind,H,all,query,H=24,,24,30,120,2880,2880,0,0,0,0,0,0,0
NE_China_Wind,H,all,query,H=72,,72,10,40,2880,2880,0,0,0,0,0,0,0
Oil_Price,B,all,context,"L=2048,H=20",2048,20,35,420,860160,811392,48768,0,0,48768,420,0,0
Oil_Price,B,all,context,"L=4096,H=20",4096,20,35,420,1720320,1633656,86664,0,0,86664,420,0,0
Oil_Price,B,all,context,"L=8192,H=20",8192,20,35,420,1956360,1859268,97092,0,0,97092,420,0,0
Oil_Price,B,all,context,"L=full,H=20",,20,35,420,1956360,1859268,97092,0,0,97092,420,0,0
Oil_Price,B,all,query,H=20,,20,35,420,8400,7776,624,0,0,624,336,0,0
Online_Retail_2_UCI,D,all,context,"L=2048,H=30",2048,30,6,6,3804,3804,0,0,0,0,0,0,0
Online_Retail_2_UCI,D,all,context,"L=4096,H=30",4096,30,6,6,3804,3804,0,0,0,0,0,0,0
Online_Retail_2_UCI,D,all,context,"L=8192,H=30",8192,30,6,6,3804,3804,0,0,0,0,0,0,0
Online_Retail_2_UCI,D,all,context,"L=full,H=30",,30,6,6,3804,3804,0,0,0,0,0,0,0
Online_Retail_2_UCI,D,all,query,H=30,,30,6,6,180,180,0,0,0,0,0,0,0
OpenElectricity_NEM,5T,all,context,"L=2048,H=24",2048,24,168,1680,3440640,3440640,0,0,0,0,0,0,0
OpenElectricity_NEM,5T,all,context,"L=2048,H=288",2048,288,14,140,286720,286720,0,0,0,0,0,0,0
OpenElectricity_NEM,5T,all,context,"L=2048,H=96",2048,96,42,420,860160,860160,0,0,0,0,0,0,0
OpenElectricity_NEM,5T,all,context,"L=4096,H=24",4096,24,168,1680,6881280,6881280,0,0,0,0,0,0,0
OpenElectricity_NEM,5T,all,context,"L=4096,H=288",4096,288,14,140,573440,573440,0,0,0,0,0,0,0
OpenElectricity_NEM,5T,all,context,"L=4096,H=96",4096,96,42,420,1720320,1720320,0,0,0,0,0,0,0
OpenElectricity_NEM,5T,all,context,"L=8192,H=24",8192,24,168,1680,13762560,13762560,0,0,0,0,0,0,0
OpenElectricity_NEM,5T,all,context,"L=8192,H=288",8192,288,14,140,1146880,1146880,0,0,0,0,0,0,0
OpenElectricity_NEM,5T,all,context,"L=8192,H=96",8192,96,42,420,3440640,3440640,0,0,0,0,0,0,0
OpenElectricity_NEM,5T,all,context,"L=full,H=24",,24,168,1680,69652800,69652800,0,0,0,0,0,0,0
OpenElectricity_NEM,5T,all,context,"L=full,H=288",,288,14,140,5785920,5785920,0,0,0,0,0,0,0
OpenElectricity_NEM,5T,all,context,"L=full,H=96",,96,42,420,17398080,17398080,0,0,0,0,0,0,0
OpenElectricity_NEM,5T,all,query,H=24,,24,168,1680,40320,40320,0,0,0,0,0,8,0
OpenElectricity_NEM,5T,all,query,H=288,,288,14,140,40320,40320,0,0,0,0,0,0,0
OpenElectricity_NEM,5T,all,query,H=96,,96,42,420,40320,40320,0,0,0,0,0,0,0
Port_Activity,D,all,context,"L=2048,H=30",2048,30,1188,2376,4567068,4567068,0,0,0,0,0,0,0
Port_Activity,D,all,context,"L=4096,H=30",4096,30,1188,2376,4578552,4578552,0,0,0,0,0,0,0
Port_Activity,D,all,context,"L=8192,H=30",8192,30,1188,2376,4578552,4578552,0,0,0,0,0,0,0
Port_Activity,D,all,context,"L=full,H=30",,30,1188,2376,4578552,4578552,0,0,0,0,0,0,0
Port_Activity,D,all,query,H=30,,30,1188,2376,71280,71280,0,0,0,0,0,0,0
Port_Activity,W,all,context,"L=2048,H=13",2048,13,396,792,215028,215028,0,0,0,0,0,0,0
Port_Activity,W,all,context,"L=4096,H=13",4096,13,396,792,215028,215028,0,0,0,0,0,0,0
Port_Activity,W,all,context,"L=8192,H=13",8192,13,396,792,215028,215028,0,0,0,0,0,0,0
Port_Activity,W,all,context,"L=full,H=13",,13,396,792,215028,215028,0,0,0,0,0,0,0
Port_Activity,W,all,query,H=13,,13,396,792,10296,10296,0,0,0,0,0,0,0
SG_Carpark,15T,all,context,"L=2048,H=16",2048,16,14868,14868,30449664,30090000,359664,0,0,359664,14868,0,0
SG_Carpark,15T,all,context,"L=2048,H=672",2048,672,354,354,724992,716850,8142,0,0,8142,354,0,0
SG_Carpark,15T,all,context,"L=2048,H=96",2048,96,2478,2478,5074944,5015826,59118,0,0,59118,2478,0,0
SG_Carpark,15T,all,context,"L=4096,H=16",4096,16,14868,14868,60899328,60207612,691716,0,0,691716,14868,0,0
SG_Carpark,15T,all,context,"L=4096,H=672",4096,672,354,354,1449984,1434054,15930,0,0,15930,354,0,0
SG_Carpark,15T,all,context,"L=4096,H=96",4096,96,2478,2478,10149888,10036254,113634,0,0,113634,2478,0,0
SG_Carpark,15T,all,context,"L=8192,H=16",8192,16,14868,14868,121798656,120392568,1406088,0,0,1406088,14868,0,0
SG_Carpark,15T,all,context,"L=8192,H=672",8192,672,354,354,2899968,2866692,33276,0,0,33276,354,0,0
SG_Carpark,15T,all,context,"L=8192,H=96",8192,96,2478,2478,20299776,20065782,233994,0,0,233994,2478,0,0
SG_Carpark,15T,all,context,"L=full,H=16",,16,14868,14868,210397068,208022790,2374278,0,0,2374278,14868,0,0
SG_Carpark,15T,all,context,"L=full,H=672",,672,354,354,4893342,4838472,54870,0,0,54870,354,0,0
SG_Carpark,15T,all,context,"L=full,H=96",,96,2478,2478,34967058,34573410,393648,0,0,393648,2478,0,0
SG_Carpark,15T,all,query,H=16,,16,14868,14868,237888,235056,2832,0,0,2832,2832,576,0
SG_Carpark,15T,all,query,H=672,,672,354,354,237888,235056,2832,0,0,2832,354,0,0
SG_Carpark,15T,all,query,H=96,,96,2478,2478,237888,235056,2832,0,0,2832,2478,0,0
SG_PM25,H,all,context,"L=2048,H=168",2048,168,13,65,133120,133116,4,0,0,4,4,0,0
SG_PM25,H,all,context,"L=2048,H=24",2048,24,92,460,942080,942058,22,0,0,22,22,0,0
SG_PM25,H,all,context,"L=2048,H=72",2048,72,30,150,307200,307192,8,0,0,8,8,0,0
SG_PM25,H,all,context,"L=4096,H=168",4096,168,13,65,266240,265622,618,0,0,618,49,0,0
SG_PM25,H,all,context,"L=4096,H=24",4096,24,92,460,1884160,1879863,4297,0,0,4297,320,0,0
SG_PM25,H,all,context,"L=4096,H=72",4096,72,30,150,614400,612945,1455,0,0,1455,106,0,0
SG_PM25,H,all,context,"L=8192,H=168",8192,168,13,65,532480,530446,2034,0,0,2034,65,0,0
SG_PM25,H,all,context,"L=8192,H=24",8192,24,92,460,3768320,3754449,13871,0,0,13871,460,0,0
SG_PM25,H,all,context,"L=8192,H=72",8192,72,30,150,1228800,1224170,4630,0,0,4630,150,0,0
SG_PM25,H,all,context,"L=full,H=168",,168,13,65,2436720,2350231,86489,0,0,86489,65,0,0
SG_PM25,H,all,context,"L=full,H=24",,24,92,460,17283120,16671044,612076,0,0,612076,460,0,0
SG_PM25,H,all,context,"L=full,H=72",,72,30,150,5628600,5429010,199590,0,0,199590,150,0,0
SG_PM25,H,all,query,H=168,,168,13,65,10920,10920,0,0,0,0,0,0,0
SG_PM25,H,all,query,H=24,,24,92,460,11040,11040,0,0,0,0,0,0,0
SG_PM25,H,all,query,H=72,,72,30,150,10800,10800,0,0,0,0,0,0,0
SG_Weather,D,all,context,"L=2048,H=14",2048,14,156,624,1277952,1218934,59018,0,0,59018,624,0,0
SG_Weather,D,all,context,"L=2048,H=3",2048,3,732,2928,5996544,5719859,276685,0,0,276685,2928,0,0
SG_Weather,D,all,context,"L=2048,H=7",2048,7,312,1248,2555904,2437876,118028,0,0,118028,1248,0,0
SG_Weather,D,all,context,"L=4096,H=14",4096,14,156,624,1723488,1633818,89670,0,0,89670,624,0,0
SG_Weather,D,all,context,"L=4096,H=3",4096,3,732,2928,8106168,7684826,421342,0,0,421342,2928,0,0
SG_Weather,D,all,context,"L=4096,H=7",4096,7,312,1248,3451344,3271870,179474,0,0,179474,1248,0,0
SG_Weather,D,all,context,"L=8192,H=14",8192,14,156,624,1723488,1633818,89670,0,0,89670,624,0,0
SG_Weather,D,all,context,"L=8192,H=3",8192,3,732,2928,8106168,7684826,421342,0,0,421342,2928,0,0
SG_Weather,D,all,context,"L=8192,H=7",8192,7,312,1248,3451344,3271870,179474,0,0,179474,1248,0,0
SG_Weather,D,all,context,"L=full,H=14",,14,156,624,1723488,1633818,89670,0,0,89670,624,0,0
SG_Weather,D,all,context,"L=full,H=3",,3,732,2928,8106168,7684826,421342,0,0,421342,2928,0,0
SG_Weather,D,all,context,"L=full,H=7",,7,312,1248,3451344,3271870,179474,0,0,179474,1248,0,0
SG_Weather,D,all,query,H=14,,14,156,624,8736,8444,292,0,0,292,88,0,2
SG_Weather,D,all,query,H=3,,3,732,2928,8784,8492,292,0,0,292,145,13,66
SG_Weather,D,all,query,H=7,,7,312,1248,8736,8444,292,0,0,292,92,0,26
Smart_Manufacturing,H,all,context,"L=2048,H=168",2048,168,68,340,480730,341670,139060,0,0,139060,340,0,0
Smart_Manufacturing,H,all,context,"L=2048,H=24",2048,24,476,2380,3536470,2513385,1023085,0,0,1023085,2380,0,0
Smart_Manufacturing,H,all,context,"L=2048,H=336",2048,336,34,170,226085,160675,65410,0,0,65410,170,0,0
Smart_Manufacturing,H,all,context,"L=4096,H=168",4096,168,68,340,480730,341670,139060,0,0,139060,340,0,0
Smart_Manufacturing,H,all,context,"L=4096,H=24",4096,24,476,2380,3536470,2513385,1023085,0,0,1023085,2380,0,0
Smart_Manufacturing,H,all,context,"L=4096,H=336",4096,336,34,170,226085,160675,65410,0,0,65410,170,0,0
Smart_Manufacturing,H,all,context,"L=8192,H=168",8192,168,68,340,480730,341670,139060,0,0,139060,340,0,0
Smart_Manufacturing,H,all,context,"L=8192,H=24",8192,24,476,2380,3536470,2513385,1023085,0,0,1023085,2380,0,0
Smart_Manufacturing,H,all,context,"L=8192,H=336",8192,336,34,170,226085,160675,65410,0,0,65410,170,0,0
Smart_Manufacturing,H,all,context,"L=full,H=168",,168,68,340,480730,341670,139060,0,0,139060,340,0,0
Smart_Manufacturing,H,all,context,"L=full,H=24",,24,476,2380,3536470,2513385,1023085,0,0,1023085,2380,0,0
Smart_Manufacturing,H,all,context,"L=full,H=336",,336,34,170,226085,160675,65410,0,0,65410,170,0,0
Smart_Manufacturing,H,all,query,H=168,,168,68,340,57120,40650,16470,0,0,16470,340,0,0
Smart_Manufacturing,H,all,query,H=24,,24,476,2380,57120,40650,16470,0,0,16470,2380,0,0
Smart_Manufacturing,H,all,query,H=336,,336,34,170,57120,40650,16470,0,0,16470,170,0,0
Supply_Chain_Customer,D,all,context,"L=2048,H=30",2048,30,12,432,780624,780624,0,0,0,0,0,0,0
Supply_Chain_Customer,D,all,context,"L=4096,H=30",4096,30,12,432,780624,780624,0,0,0,0,0,0,0
Supply_Chain_Customer,D,all,context,"L=8192,H=30",8192,30,12,432,780624,780624,0,0,0,0,0,0,0
Supply_Chain_Customer,D,all,context,"L=full,H=30",,30,12,432,780624,780624,0,0,0,0,0,0,0
Supply_Chain_Customer,D,all,query,H=30,,30,12,432,12960,12960,0,0,0,0,0,0,0
Supply_Chain_Location,D,all,context,"L=2048,H=30",2048,30,12,612,1105884,1105884,0,0,0,0,0,0,0
Supply_Chain_Location,D,all,context,"L=4096,H=30",4096,30,12,612,1105884,1105884,0,0,0,0,0,0,0
Supply_Chain_Location,D,all,context,"L=8192,H=30",8192,30,12,612,1105884,1105884,0,0,0,0,0,0,0
Supply_Chain_Location,D,all,context,"L=full,H=30",,30,12,612,1105884,1105884,0,0,0,0,0,0,0
Supply_Chain_Location,D,all,query,H=30,,30,12,612,18360,18360,0,0,0,0,0,0,0
US_Labor,M,all,context,"L=2048,H=12",2048,12,5,70,24080,24080,0,0,0,0,0,0,0
US_Labor,M,all,context,"L=4096,H=12",4096,12,5,70,24080,24080,0,0,0,0,0,0,0
US_Labor,M,all,context,"L=8192,H=12",8192,12,5,70,24080,24080,0,0,0,0,0,0,0
US_Labor,M,all,context,"L=full,H=12",,12,5,70,24080,24080,0,0,0,0,0,0,0
US_Labor,M,all,query,H=12,,12,5,70,840,840,0,0,0,0,0,0,0
US_Term_Structure,B,all,context,"L=2048,H=20",2048,20,35,1400,2867200,2748080,119120,0,0,119120,1400,0,0
US_Term_Structure,B,all,context,"L=4096,H=20",4096,20,35,1400,5734400,5498400,236000,0,0,236000,1400,0,0
US_Term_Structure,B,all,context,"L=8192,H=20",8192,20,35,1400,11468800,10975320,493480,0,0,493480,1400,0,0
US_Term_Structure,B,all,context,"L=full,H=20",,20,35,1400,12528600,11986600,542000,0,0,542000,1400,0,0
US_Term_Structure,B,all,query,H=20,,20,35,1400,28000,26800,1200,0,0,1200,920,0,0
Uncertainty_1M,M,all,context,"L=2048,H=6",2048,6,7,21,15876,15876,0,0,0,0,0,0,0
Uncertainty_1M,M,all,context,"L=4096,H=6",4096,6,7,21,15876,15876,0,0,0,0,0,0,0
Uncertainty_1M,M,all,context,"L=8192,H=6",8192,6,7,21,15876,15876,0,0,0,0,0,0,0
Uncertainty_1M,M,all,context,"L=full,H=6",,6,7,21,15876,15876,0,0,0,0,0,0,0
Uncertainty_1M,M,all,query,H=6,,6,7,21,126,126,0,0,0,0,0,0,0
Vehicle_Sales,M,all,context,"L=2048,H=12",2048,12,5,50,28000,28000,0,0,0,0,0,0,0
Vehicle_Sales,M,all,context,"L=4096,H=12",4096,12,5,50,28000,28000,0,0,0,0,0,0,0
Vehicle_Sales,M,all,context,"L=8192,H=12",8192,12,5,50,28000,28000,0,0,0,0,0,0,0
Vehicle_Sales,M,all,context,"L=full,H=12",,12,5,50,28000,28000,0,0,0,0,0,0,0
Vehicle_Sales,M,all,query,H=12,,12,5,50,600,600,0,0,0,0,0,0,0
Vehicle_Supply,M,all,context,"L=2048,H=12",2048,12,5,30,10650,10650,0,0,0,0,0,0,0
Vehicle_Supply,M,all,context,"L=4096,H=12",4096,12,5,30,10650,10650,0,0,0,0,0,0,0
Vehicle_Supply,M,all,context,"L=8192,H=12",8192,12,5,30,10650,10650,0,0,0,0,0,0,0
Vehicle_Supply,M,all,context,"L=full,H=12",,12,5,30,10650,10650,0,0,0,0,0,0,0
Vehicle_Supply,M,all,query,H=12,,12,5,30,360,360,0,0,0,0,0,0,0
WUI_Global,Q,all,context,"L=2048,H=4",2048,4,5,75,21150,20725,425,0,0,425,60,0,0
WUI_Global,Q,all,context,"L=4096,H=4",4096,4,5,75,21150,20725,425,0,0,425,60,0,0
WUI_Global,Q,all,context,"L=8192,H=4",8192,4,5,75,21150,20725,425,0,0,425,60,0,0
WUI_Global,Q,all,context,"L=full,H=4",,4,5,75,21150,20725,425,0,0,425,60,0,0
WUI_Global,Q,all,query,H=4,,4,5,75,300,300,0,0,0,0,0,0,0
Water_Quality_Darwin,15T,all,context,"L=2048,H=16",2048,16,630,3780,7741440,7741440,0,0,0,0,0,0,0
Water_Quality_Darwin,15T,all,context,"L=2048,H=288",2048,288,35,210,430080,430080,0,0,0,0,0,0,0
Water_Quality_Darwin,15T,all,context,"L=2048,H=96",2048,96,105,630,1290240,1290240,0,0,0,0,0,0,0
Water_Quality_Darwin,15T,all,context,"L=4096,H=16",4096,16,630,3780,15482880,15482880,0,0,0,0,0,0,0
Water_Quality_Darwin,15T,all,context,"L=4096,H=288",4096,288,35,210,860160,860160,0,0,0,0,0,0,0
Water_Quality_Darwin,15T,all,context,"L=4096,H=96",4096,96,105,630,2580480,2580480,0,0,0,0,0,0,0
Water_Quality_Darwin,15T,all,context,"L=8192,H=16",8192,16,630,3780,30786420,30786420,0,0,0,0,0,0,0
Water_Quality_Darwin,15T,all,context,"L=8192,H=288",8192,288,35,210,1707408,1707408,0,0,0,0,0,0,0
Water_Quality_Darwin,15T,all,context,"L=8192,H=96",8192,96,105,630,5128620,5128620,0,0,0,0,0,0,0
Water_Quality_Darwin,15T,all,context,"L=full,H=16",,16,630,3780,54815400,54815400,0,0,0,0,0,0,0
Water_Quality_Darwin,15T,all,context,"L=full,H=288",,288,35,210,3016740,3016740,0,0,0,0,0,0,0
Water_Quality_Darwin,15T,all,context,"L=full,H=96",,96,105,630,9110700,9110700,0,0,0,0,0,0,0
Water_Quality_Darwin,15T,all,query,H=16,,16,630,3780,60480,60462,18,0,0,18,6,0,0
Water_Quality_Darwin,15T,all,query,H=288,,288,35,210,60480,60462,18,0,0,18,6,0,0
Water_Quality_Darwin,15T,all,query,H=96,,96,105,630,60480,60462,18,0,0,18,6,0,0
azure2019_D,5T,all,context,"L=2048,H=288",2048,288,2967,8901,18229248,18229248,0,0,0,0,0,0,0
azure2019_D,5T,all,context,"L=4096,H=288",4096,288,2967,8901,36458496,36458496,0,0,0,0,0,0,0
azure2019_D,5T,all,context,"L=8192,H=288",8192,288,2967,8901,71223171,71223171,0,0,0,0,0,0,0
azure2019_D,5T,all,context,"L=full,H=288",,288,2967,8901,71662140,71662140,0,0,0,0,0,0,0
azure2019_D,5T,all,query,H=288,,288,2967,8901,2563488,2563488,0,0,0,0,0,0,0
azure2019_I,5T,all,context,"L=2048,H=288",2048,288,1476,4428,9068544,9068544,0,0,0,0,0,0,0
azure2019_I,5T,all,context,"L=4096,H=288",4096,288,1476,4428,18137088,18137088,0,0,0,0,0,0,0
azure2019_I,5T,all,context,"L=8192,H=288",8192,288,1476,4428,35441430,35441430,0,0,0,0,0,0,0
azure2019_I,5T,all,context,"L=full,H=288",,288,1476,4428,35664786,35664786,0,0,0,0,0,0,0
azure2019_I,5T,all,query,H=288,,288,1476,4428,1275264,1275264,0,0,0,0,0,0,0
azure2019_U,5T,all,context,"L=2048,H=48",2048,48,468,1404,1738242,1738242,0,0,0,0,0,0,0
azure2019_U,5T,all,context,"L=4096,H=48",4096,48,468,1404,1738242,1738242,0,0,0,0,0,0,0
azure2019_U,5T,all,context,"L=8192,H=48",8192,48,468,1404,1738242,1738242,0,0,0,0,0,0,0
azure2019_U,5T,all,context,"L=full,H=48",,48,468,1404,1738242,1738242,0,0,0,0,0,0,0
azure2019_U,5T,all,query,H=48,,48,468,1404,67392,67392,0,0,0,0,0,0,0
current_velocity,10T,all,context,"L=2048,H=144",2048,144,150,900,1843200,1842960,240,0,0,240,120,0,0
current_velocity,10T,all,context,"L=2048,H=18",2048,18,1200,7200,14745600,14743644,1956,0,0,1956,978,0,0
current_velocity,10T,all,context,"L=2048,H=432",2048,432,50,300,614400,614328,72,0,0,72,36,0,0
current_velocity,10T,all,context,"L=4096,H=144",4096,144,150,900,3686400,3686100,300,0,0,300,150,0,0
current_velocity,10T,all,context,"L=4096,H=18",4096,18,1200,7200,29491200,29488680,2520,0,0,2520,1260,0,0
current_velocity,10T,all,context,"L=4096,H=432",4096,432,50,300,1228800,1228716,84,0,0,84,42,0,0
current_velocity,10T,all,context,"L=8192,H=144",8192,144,150,900,7073820,7073448,372,0,0,372,186,0,0
current_velocity,10T,all,context,"L=8192,H=18",8192,18,1200,7200,56681280,56678220,3060,0,0,3060,1530,0,0
current_velocity,10T,all,context,"L=8192,H=432",8192,432,50,300,2349300,2349192,108,0,0,108,54,0,0
current_velocity,10T,all,context,"L=full,H=144",,144,150,900,17564850,17562930,1920,0,0,1920,450,0,0
current_velocity,10T,all,context,"L=full,H=18",,18,1200,7200,140972400,140956920,15480,0,0,15480,3600,0,0
current_velocity,10T,all,context,"L=full,H=432",,432,50,300,5811750,5811126,624,0,0,624,150,0,0
current_velocity,10T,all,query,H=144,,144,150,900,129600,129576,24,0,0,24,12,0,0
current_velocity,10T,all,query,H=18,,18,1200,7200,129600,129576,24,0,0,24,12,0,0
current_velocity,10T,all,query,H=432,,432,50,300,129600,129576,24,0,0,24,12,0,0
current_velocity,15T,all,context,"L=2048,H=12",2048,12,600,3600,7372800,7372800,0,0,0,0,0,0,0
current_velocity,15T,all,context,"L=2048,H=288",2048,288,25,150,307200,307200,0,0,0,0,0,0,0
current_velocity,15T,all,context,"L=2048,H=96",2048,96,75,450,921600,921600,0,0,0,0,0,0,0
current_velocity,15T,all,context,"L=4096,H=12",4096,12,600,3600,13889748,13889748,0,0,0,0,0,0,0
current_velocity,15T,all,context,"L=4096,H=288",4096,288,25,150,572454,572454,0,0,0,0,0,0,0
current_velocity,15T,all,context,"L=4096,H=96",4096,96,75,450,1730742,1730742,0,0,0,0,0,0,0
current_velocity,15T,all,context,"L=8192,H=12",8192,12,600,3600,20440800,20440800,0,0,0,0,0,0,0
current_velocity,15T,all,context,"L=8192,H=288",8192,288,25,150,839280,839280,0,0,0,0,0,0,0
current_velocity,15T,all,context,"L=8192,H=96",8192,96,75,450,2543760,2543760,0,0,0,0,0,0,0
current_velocity,15T,all,context,"L=full,H=12",,12,600,3600,27997920,27997920,0,0,0,0,0,0,0
current_velocity,15T,all,context,"L=full,H=288",,288,25,150,1145880,1145880,0,0,0,0,0,0,0
current_velocity,15T,all,context,"L=full,H=96",,96,75,450,3480840,3480840,0,0,0,0,0,0,0
current_velocity,15T,all,query,H=12,,12,600,3600,43200,43200,0,0,0,0,0,16,0
current_velocity,15T,all,query,H=288,,288,25,150,43200,43200,0,0,0,0,0,0,0
current_velocity,15T,all,query,H=96,,96,75,450,43200,43200,0,0,0,0,0,0,0
current_velocity,20T,all,context,"L=2048,H=216",2048,216,135,810,1651986,1651986,0,0,0,0,0,0,0
current_velocity,20T,all,context,"L=2048,H=72",2048,72,405,2430,4959846,4959846,0,0,0,0,0,0,0
current_velocity,20T,all,context,"L=2048,H=9",2048,9,3240,19440,39691716,39691716,0,0,0,0,0,0,0
current_velocity,20T,all,context,"L=4096,H=216",4096,216,135,810,3037902,3037902,0,0,0,0,0,0,0
current_velocity,20T,all,context,"L=4096,H=72",4096,72,405,2430,9176064,9176064,0,0,0,0,0,0,0
current_velocity,20T,all,context,"L=4096,H=9",4096,9,3240,19440,73622100,73622100,0,0,0,0,0,0,0
current_velocity,20T,all,context,"L=8192,H=216",8192,216,135,810,4247430,4247430,0,0,0,0,0,0,0
current_velocity,20T,all,context,"L=8192,H=72",8192,72,405,2430,12878370,12878370,0,0,0,0,0,0,0
current_velocity,20T,all,context,"L=8192,H=9",8192,9,3240,19440,103503240,103503240,0,0,0,0,0,0,0
current_velocity,20T,all,context,"L=full,H=216",,216,135,810,4707870,4707870,0,0,0,0,0,0,0
current_velocity,20T,all,context,"L=full,H=72",,72,405,2430,14298570,14298570,0,0,0,0,0,0,0
current_velocity,20T,all,context,"L=full,H=9",,9,3240,19440,115000920,115000920,0,0,0,0,0,0,0
current_velocity,20T,all,query,H=216,,216,135,810,174960,174960,0,0,0,0,0,0,0
current_velocity,20T,all,query,H=72,,72,405,2430,174960,174960,0,0,0,0,0,0,0
current_velocity,20T,all,query,H=9,,9,3240,19440,174960,174960,0,0,0,0,0,61,0
current_velocity,5T,all,context,"L=2048,H=288",2048,288,15,90,184320,184320,0,0,0,0,0,0,0
current_velocity,5T,all,context,"L=2048,H=36",2048,36,120,720,1474560,1474560,0,0,0,0,0,0,0
current_velocity,5T,all,context,"L=2048,H=864",2048,864,5,30,61440,61440,0,0,0,0,0,0,0
current_velocity,5T,all,context,"L=4096,H=288",4096,288,15,90,368640,368640,0,0,0,0,0,0,0
current_velocity,5T,all,context,"L=4096,H=36",4096,36,120,720,2949120,2949120,0,0,0,0,0,0,0
current_velocity,5T,all,context,"L=4096,H=864",4096,864,5,30,122880,122880,0,0,0,0,0,0,0
current_velocity,5T,all,context,"L=8192,H=288",8192,288,15,90,737280,737280,0,0,0,0,0,0,0
current_velocity,5T,all,context,"L=8192,H=36",8192,36,120,720,5898240,5898240,0,0,0,0,0,0,0
current_velocity,5T,all,context,"L=8192,H=864",8192,864,5,30,245760,245760,0,0,0,0,0,0,0
current_velocity,5T,all,context,"L=full,H=288",,288,15,90,2176380,2176380,0,0,0,0,0,0,0
current_velocity,5T,all,context,"L=full,H=36",,36,120,720,17501760,17501760,0,0,0,0,0,0,0
current_velocity,5T,all,context,"L=full,H=864",,864,5,30,716820,716820,0,0,0,0,0,0,0
current_velocity,5T,all,query,H=288,,288,15,90,25920,25920,0,0,0,0,0,0,0
current_velocity,5T,all,query,H=36,,36,120,720,25920,25920,0,0,0,0,0,0,0
current_velocity,5T,all,query,H=864,,864,5,30,25920,25920,0,0,0,0,0,0,0
current_velocity,H,all,context,"L=2048,H=168",2048,168,84,504,1006644,1006644,0,0,0,0,0,0,0
current_velocity,H,all,context,"L=2048,H=24",2048,24,588,3528,7097322,7097322,0,0,0,0,0,0,0
current_velocity,H,all,context,"L=2048,H=336",2048,336,42,252,498354,498354,0,0,0,0,0,0,0
current_velocity,H,all,context,"L=4096,H=168",4096,168,84,504,1483992,1483992,0,0,0,0,0,0,0
current_velocity,H,all,context,"L=4096,H=24",4096,24,588,3528,10580976,10580976,0,0,0,0,0,0,0
current_velocity,H,all,context,"L=4096,H=336",4096,336,42,252,725868,725868,0,0,0,0,0,0,0
current_velocity,H,all,context,"L=8192,H=168",8192,168,84,504,1553472,1553472,0,0,0,0,0,0,0
current_velocity,H,all,context,"L=8192,H=24",8192,24,588,3528,11128320,11128320,0,0,0,0,0,0,0
current_velocity,H,all,context,"L=8192,H=336",8192,336,42,252,755568,755568,0,0,0,0,0,0,0
current_velocity,H,all,context,"L=full,H=168",,168,84,504,1553472,1553472,0,0,0,0,0,0,0
current_velocity,H,all,context,"L=full,H=24",,24,588,3528,11128320,11128320,0,0,0,0,0,0,0
current_velocity,H,all,context,"L=full,H=336",,336,42,252,755568,755568,0,0,0,0,0,0,0
current_velocity,H,all,query,H=168,,168,84,504,84672,84672,0,0,0,0,0,0,0
current_velocity,H,all,query,H=24,,24,588,3528,84672,84672,0,0,0,0,0,0,0
current_velocity,H,all,query,H=336,,336,42,252,84672,84672,0,0,0,0,0,0,0
epf_electricity_price,H,all,context,"L=2048,H=168",2048,168,75,75,153600,153600,0,0,0,0,0,0,0
epf_electricity_price,H,all,context,"L=2048,H=24",2048,24,525,525,1075200,1075200,0,0,0,0,0,0,0
epf_electricity_price,H,all,context,"L=2048,H=72",2048,72,175,175,358400,358400,0,0,0,0,0,0,0
epf_electricity_price,H,all,context,"L=4096,H=168",4096,168,75,75,307200,307200,0,0,0,0,0,0,0
epf_electricity_price,H,all,context,"L=4096,H=24",4096,24,525,525,2150400,2150400,0,0,0,0,0,0,0
epf_electricity_price,H,all,context,"L=4096,H=72",4096,72,175,175,716800,716800,0,0,0,0,0,0,0
epf_electricity_price,H,all,context,"L=8192,H=168",8192,168,75,75,614400,614400,0,0,0,0,0,0,0
epf_electricity_price,H,all,context,"L=8192,H=24",8192,24,525,525,4300800,4300800,0,0,0,0,0,0,0
epf_electricity_price,H,all,context,"L=8192,H=72",8192,72,175,175,1433600,1433600,0,0,0,0,0,0,0
epf_electricity_price,H,all,context,"L=full,H=168",,168,75,75,3830400,3830400,0,0,0,0,0,0,0
epf_electricity_price,H,all,context,"L=full,H=24",,24,525,525,26850600,26850600,0,0,0,0,0,0,0
epf_electricity_price,H,all,context,"L=full,H=72",,72,175,175,8946000,8946000,0,0,0,0,0,0,0
epf_electricity_price,H,all,query,H=168,,168,75,75,12600,12600,0,0,0,0,0,0,0
epf_electricity_price,H,all,query,H=24,,24,525,525,12600,12600,0,0,0,0,0,0,0
epf_electricity_price,H,all,query,H=72,,72,175,175,12600,12600,0,0,0,0,0,0,0
